name,affiliation,homepage,scholarid,orcid
F. A. H. van Harmelen,VU Amsterdam,http://www.cs.vu.nl/~frankh,LCyfDi8AAAAJ,0000-0000-0000-0000
F. Betül Atalay,TOBB ETÜ,http://fatalay.etu.edu.tr,HRV3xMwAAAAJ,0000-0000-0000-0000
F. Bruce Shepherd,University of British Columbia,https://bshepherd.ca,x2Mfyz8AAAAJ,0000-0000-0000-0000
F. Joe Lin,National Chiao Tung University,http://www.cs.nctu.edu.tw/~fuchun_lin,Pei7LGcAAAAJ,0000-0000-0000-0000
F. R. K. Chung,Univ. of California - San Diego,http://math.ucsd.edu/~fan,7hPnuFQAAAAJ,0000-0000-0000-0000
F. Y. Young,Chinese University of Hong Kong,http://www.cse.cuhk.edu.hk/~fyyoung,dRpbUkMAAAAJ,0000-0000-0000-0000
Fabian Bastin,University of Montreal,http://www.iro.umontreal.ca/~bastin,RRLx0jsAAAAJ,0000-0000-0000-0000
Fabian E. Bustamante,Northwestern University,http://www.cs.northwestern.edu/~fabianb,vg76M1oAAAAJ,0000-0002-7659-1527
Fabian Fagerholm,Aalto University,https://www.aalto.fi/en/people/fabian-fagerholm,WAiwQsoAAAAJ,0000-0002-7298-3021
Fabian Gieseke,University of Münster,https://www.wi.uni-muenster.de/department/dasc/people/fabian-gieseke,g3ZiieoAAAAJ,0000-0001-7093-5803
Fabian H. Sinz,University of Göttingen,https://sinzlab.org,xpwMxy8AAAAJ,0000-0002-1348-9736
Fabian J. Theis,TU Munich,https://www.professoren.tum.de/en/theis-fabian,sqWpn2AAAAAJ,0000-0002-2419-1943
Fabian Kern,University of Hamburg,https://www.zbh.uni-hamburg.de/personen/mlbi/fkern.html,Q1LOeA0AAAAJ,0000-0002-8223-3750
Fabian Kuhn,University of Freiburg,http://ac.informatik.uni-freiburg.de/kuhn,XU-ldxMAAAAJ,0000-0002-1025-5037
Fabian Monrose,Georgia Institute of Technology,https://fabianmonrose.github.io,a6u7NTgAAAAJ,0000-0002-9805-2217
Fabian Muehlboeck,Australian National University,http://comp.anu.edu.au/people/fabian-muehlboeck,ESll9OcAAAAJ,0000-0003-1548-0177
Fabian Neuhaus,University of Magdeburg,http://theo.cs.ovgu.de/Staff/Fabian+Neuhaus.html,7AcIA78AAAAJ,0000-0002-1058-3102
Fabian R. Wirth,University of Passau,http://www.fim.uni-passau.de/en/dynamical-systems/publications/prof-dr-fabian-wirth,GPXp0s0AAAAJ,0000-0000-0000-0000
Fabian Wirth,University of Passau,http://www.fim.uni-passau.de/en/dynamical-systems/publications/prof-dr-fabian-wirth,GPXp0s0AAAAJ,0000-0000-0000-0000
Fabiano A. Dorça,UFU,http://www.facom.ufu.br/~fabiano,NOSCHOLARPAGE,0000-0000-0000-0000
Fabiano Azevedo Dorça,UFU,http://www.facom.ufu.br/~fabiano,NOSCHOLARPAGE,0000-0000-0000-0000
Fabiano Dalpiaz,Utrecht University,https://www.staff.science.uu.nl/~dalpi001,KBPFzMAAAAAJ,0000-0003-4480-3887
Fabiano Hessel,PUC-RS,http://www.inf.pucrs.br/~hessel,cZguQ0UAAAAJ,0000-0002-5473-9199
Fabiano Passuelo Hessel,PUC-RS,http://www.inf.pucrs.br/~hessel,cZguQ0UAAAAJ,0000-0000-0000-0000
Fabiano Silva,UFPR,https://www.inf.ufpr.br/fabiano,yKMIJzEAAAAJ,0000-0000-0000-0000
Fabien Laguillaumie,Ecole Normale Superieure de Lyon,http://perso.ens-lyon.fr/fabien.laguillaumie,NOSCHOLARPAGE,0000-0000-0000-0000
Fabien Momey,Université Jean Monnet,http://perso.univ-st-etienne.fr/frel9915,PEDfa4cAAAAJ,0000-0000-0000-0000
Fabien Torre,CRIStAL,https://fabien-torre.fr,IAx6N4EAAAAJ,0000-0000-0000-0000
Fabio Aiolli,University of Padova,https://www.math.unipd.it/~aiolli,Vb8wsOUAAAAJ,0000-0000-0000-0000
Fabio Caccioli,University College London,https://iris.ucl.ac.uk/iris/browse/profile?upi=FCACC19,QD_wxy0AAAAJ,0000-0002-6819-2278
Fabio Casati,University of Trento,https://sites.google.com/site/sphoebss,eLf2e-gAAAAJ,0000-0001-7591-9562
Fabio Ciravegna,University of Sheffield,https://www.sheffield.ac.uk/dcs/people/academic/fabio-ciravegna,Vr4nfK8AAAAJ,0000-0001-5817-4810
Fabio Crestani,Università della Svizzera italiana,http://search.usi.ch/people/4f0dd874bbd63c00938825fae1843200/crestani-fabio,EoGBsiMAAAAJ,0000-0001-8672-0700
Fabio D'Andreagiovanni,Univ. of Modena and Reggio Emilia,https://personale.unimore.it/rubrica/dettaglio/fdandrea,3zXNyucAAAAJ,0000-0000-0000-0000
Fabio Gadducci,University of Pisa,http://www.di.unipi.it/~gadducci,ugYkdyYAAAAJ,0000-0003-0690-3051
Fabio Galasso,Sapienza University of Rome,https://fgalasso.bitbucket.io,2gSuGBEAAAAJ,0000-0003-1875-7813
Fabio Kon,USP,http://www.ime.usp.br/~kon,VE8BW84AAAAJ,0000-0003-3888-7340
Fabio Miranda 0001,University of Illinois at Chicago,https://fmiranda.me,9fR0LqAAAAAJ,0000-0001-8612-5805
Fabio Nemetz,University of Bath,http://www.bath.ac.uk/comp-sci/contacts,NOSCHOLARPAGE,0000-0000-0000-0000
Fabio Palomba,University of Salerno,https://fpalomba.github.io,hwcOgd4AAAAJ,0000-0001-9337-5116
Fabio Patrizi,Sapienza University of Rome,http://www.diag.uniroma1.it/patrizi,eJmKNE8AAAAJ,0000-0002-9116-251X
Fabio Pellacini,Univ. of Modena and Reggio Emilia,https://personale.unimore.it/rubrica/dettaglio/fpellacini,GzOeTm0AAAAJ,0000-0003-4861-9809
Fabio Pierazzi,University College London,http://www0.cs.ucl.ac.uk/people/F.Pierazzi.html,rAGRBOAAAAAJ,0000-0002-1254-1758
Fabio Q. B. da Silva,UFPE,https://www.cin.ufpe.br/~fabio,20ew2kUAAAAJ,0000-0002-3734-040X
Fabio Queda Bueno da Silva,UFPE,https://www.cin.ufpe.br/~fabio,20ew2kUAAAAJ,0000-0000-0000-0000
Fabio Ramos 0001,University of Sydney,https://www.sydney.edu.au/engineering/about/our-people/academic-staff/fabio-ramos.html,NOSCHOLARPAGE,0000-0000-0000-0000
Fabio Salice,Politecnico di Milano,http://home.deib.polimi.it/salice,gf7sA4QAAAAJ,0000-0002-0434-0446
Fabio T. Ramos 0001,University of Sydney,http://www-personal.acfr.usyd.edu.au/f.ramos/Fabio_Ramos_Homepage/Home.html,NOSCHOLARPAGE,0000-0000-0000-0000
Fabio Tozeto Ramos,University of Sydney,http://www-personal.acfr.usyd.edu.au/f.ramos/Fabio_Ramos_Homepage/Home.html,NOSCHOLARPAGE,0000-0000-0000-0000
Fabio Vitale,CRIStAL,http://researchers.lille.inria.fr/vitale,qSB80z0AAAAJ,0000-0000-0000-0000
Fabio Zambetta,RMIT University,https://www.rmit.edu.au/contact/staff-contacts/academic-staff/z/zambetta-dr-fabio,IuxSRpYAAAAJ,0000-0003-4133-7913
Fabio Zanasi,University College London,http://www.cs.ucl.ac.uk/people/F.Zanasi.html,Y_j2FasAAAAJ,0000-0001-6457-1345
Fabián E. Bustamante,Northwestern University,http://www.cs.northwestern.edu/~fabianb,vg76M1oAAAAJ,0000-0002-7659-1527
Fabrice Aubert,CRIStAL,https://www.cristal.univ-lille.fr/profil/aubert,NOSCHOLARPAGE,0000-0000-0000-0000
Fabrice Muhlenbach,Université Jean Monnet,http://perso.univ-st-etienne.fr/muhlfabr,NOSCHOLARPAGE,0000-0002-1825-4290
Fabricio Murai,UFMG,http://homepages.dcc.ufmg.br/~murai,sF3doEMAAAAJ,0000-0000-0000-0000
Fabrizio Baiardi,University of Pisa,http://www.di.unipi.it/~tonelli/baiardi,NOSCHOLARPAGE,0000-0000-0000-0000
Fabrizio Costa,University of Exeter,http://emps.exeter.ac.uk/computer-science/staff/fc334,yLjbm9YAAAAJ,0000-0002-4900-995X
Fabrizio Ferrandi,Politecnico di Milano,http://home.deib.polimi.it/ferrandi,_woi0FIAAAAJ,0000-0003-0301-4419
Fabrizio Granelli,University of Trento,https://www.granelli-lab.org/staff/fabrizio-granelli,Qk5Ni_IAAAAJ,0000-0002-2439-277X
Fabrizio Messina,University of Catania,https://www.dmi.unict.it/messina,iF1u8psAAAAJ,0000-0002-3685-3879
Fabrizio Silvestri,Sapienza University of Rome,https://sites.google.com/diag.uniroma1.it/fabriziosilvestri,pi985dQAAAAJ,0000-0001-7669-9055
Fabrizio d'Amore,Sapienza University of Rome,http://www.diag.uniroma1.it/users/fabrizio%20damore,NOSCHOLARPAGE,0000-0000-0000-0000
Fabrício Benevenuto,UFMG,http://homepages.dcc.ufmg.br/~fabricio,iOnt0iMAAAAJ,0000-0001-6875-6259
Fabrício Benevenuto de Souza,UFMG,http://homepages.dcc.ufmg.br/~fabricio,iOnt0iMAAAAJ,0000-0000-0000-0000
Facundo Mémoli,Ohio State University,https://people.math.osu.edu/memoli.2,E3APGcgAAAAJ,0000-0000-0000-0000
Fadel Adib,Massachusetts Inst. of Technology,http://www.mit.edu/~fadel,OxKLBqwAAAAJ,0000-0003-2593-2069
Fadi A. Zaraket,American University of Beirut,http://research-fadi.aub.edu.lb,1e2w_FoAAAAJ,0000-0001-5909-6375
Fady Shibata-Alnajjar,UAEU,https://www.uaeu.ac.ae/en/cit/profile.shtml?email=fady.alnajjar@uaeu.ac.ae,BjRM7fgAAAAJ,0000-0001-6102-3765
Faegheh Hasibi,Radboud University,http://hasibi.com,RqrnTNAAAAAJ,0009-0006-9986-482X
Fagen Li,UESTC,http://en.uestc.edu.cn/index.php?m=content&c=index&a=show&catid=79&id=4746,lLZ_gzEAAAAJ,0000-0000-0000-0000
Fahad Panolan,University of Leeds,https://eps.leeds.ac.uk/computing/staff/14135/dr-fahad-panolan,X6MthEgAAAAJ,0000-0001-6213-8687
Fahad R. Dogar,Tufts University,http://www.cs.tufts.edu/Faculty/fahad-dogar.html,KPjFQ4AAAAAJ,0000-0000-0000-0000
Fahad Rafique Dogar,Tufts University,http://www.cs.tufts.edu/Faculty/fahad-dogar.html,KPjFQ4AAAAAJ,0000-0000-0000-0000
Fahad Saeed,Florida International University,https://prof-s.github.io,IPXv-GQAAAAJ,0000-0002-3410-9552
Fahad Shahbaz Khan,MBZUAI,https://sites.google.com/view/fahadkhans/home,zvaeYnUAAAAJ,0000-0002-4263-3143
Fahiem Bacchus,University of Toronto,http://www.cs.toronto.edu/~fbacchus,Yy4QD_AAAAAJ,0000-0000-0000-0000
Fahim Dalvi,Qatar Computing Research Inst.,http://www.qcri.org/our-people/bio?pid=248&amp;par=acc&amp;name=FahimDalvi,uQGCv10AAAAJ,0000-0003-1183-7837
Fahim Kawsar,University of Glasgow,https://www.gla.ac.uk/schools/computing/staff/fahimkawsar,D7k0XmsAAAAJ,0000-0001-5057-9557
Fahimeh Ramezani 0001,University of Technology Sydney,https://www.uts.edu.au/staff/fahimeh.ramezani,tR2ME1cAAAAJ,0000-0002-0368-321X
Fairouz Kamareddine,Heriot-Watt University,https://www.hw.ac.uk/staff/uk/macs/fairouz-kamareddine.htm,tCOuIWIAAAAJ,0000-0002-6141-2709
Faisal N. Abu-Khzam,Lebanese American University,http://www.csm.lau.edu.lb/fabukhzam,NOSCHOLARPAGE,0000-0000-0000-0000
Faisal Nawab,Univ. of California - Irvine,http://nawab.me,oMHn13QAAAAJ,0000-0003-2264-4600
Faith E. Fich,University of Toronto,http://www.cs.toronto.edu/~faith,NOSCHOLARPAGE,0000-0000-0000-0000
Faith Ellen,University of Toronto,http://www.cs.toronto.edu/~faith,NOSCHOLARPAGE,0000-0003-4473-931X
Faith Ellen Fich,University of Toronto,http://www.cs.toronto.edu/~faith,NOSCHOLARPAGE,0000-0000-0000-0000
Faiyaz Doctor,University of Essex,https://www.essex.ac.uk/people/docto78602/faiyaz-doctor,_Wr-trcAAAAJ,0000-0002-8412-5489
Faiz Ali Shah,University of Tartu,https://ut.ee/et/tootaja/faiz-ali-shah,CaJ3quAAAAAJ,0000-0003-1233-5425
Faiza Allah Bukhsh,University of Twente,https://research.utwente.nl/en/persons/98f0f515-2dc3-4c73-9c78-079b197f0044,aBAuDJUAAAAJ,0000-0000-0000-0000
Faizan Ahmed,University of Twente,https://people.utwente.nl/faizan.ahmed,A6WHD0kAAAAJ,0000-0002-2760-6892
Fajie Yuan,Westlake University,https://fajieyuan.github.io,yOiBwasAAAAJ,0000-0001-8452-9929
Fajri Koto,MBZUAI,https://mbzuai.ac.ae/study/faculty/fajri-koto,RA9l3s4AAAAJ,0000-0002-3659-6761
Fakhreddine Karray,MBZUAI,https://uwaterloo.ca/scholar/karray,9_Hpd5kAAAAJ,0000-0000-0000-0000
Fakhri Karray,MBZUAI,https://uwaterloo.ca/scholar/karray,9_Hpd5kAAAAJ,0000-0002-6900-315X
Fakhrul Alam,Massey University,http://www.massey.ac.nz/massey/expertise/profile.cfm?stref=499830,qyFUJVsAAAAJ,0000-0000-0000-0000
Falk Howar,TU Dortmund,https://ls14-www.cs.tu-dortmund.de/cms/de/mitarbeiter/profs/Howar.html,pUqp2yIAAAAJ,0000-0002-9524-4459
Falk Scholer,RMIT University,https://www.rmit.edu.au/contact/staff-contacts/academic-staff/s/scholer-associate-professor-falk,qOLjlqsAAAAJ,0000-0001-9094-0810
Falk Schreiber,University of Konstanz,https://www.cls.uni-konstanz.de/members/falk-schreiber,ThdRhdYAAAAJ,0000-0002-9307-3254
Falk Uebernickel,Hasso Plattner Institute,https://hpi.de/en/research/research-groups/design-thinking-and-innovation-research,n71-visAAAAJ,0000-0002-7078-8513
Falko Dressler,TU Berlin,https://www2.tkn.tu-berlin.de/team/dressler,sK8213AAAAAJ,0000-0002-1989-1750
Falko Kuester,Univ. of California - San Diego,https://chei.ucsd.edu/team/fkuester,mQ_NwUIAAAAJ,0000-0002-9265-7063
Fan Chen 0001,Indiana University,https://homes.luddy.indiana.edu/fc7,5HISWRIAAAAJ,0000-0001-7928-8331
Fan Cheng 0002,Shanghai Jiao Tong University,http://www.cs.sjtu.edu.cn/~chengfan,aECSCPUAAAAJ,0000-0002-4307-6334
Fan Long,University of Toronto,http://www.cs.toronto.edu/~fanl,j6XdtXwAAAAJ,0000-0001-7973-1188
Fan R. K. Chung,Univ. of California - San Diego,http://math.ucsd.edu/~fan,7hPnuFQAAAAJ,0000-0000-0000-0000
Fan Wei,Duke University,https://sites.google.com/view/fan-wei/home,voxfw5EAAAAJ,0000-0000-0000-0000
Fan Wu 0006,Shanghai Jiao Tong University,http://www.cs.sjtu.edu.cn/~fwu,YVKq-48AAAAJ,0000-0003-0965-9058
Fan Yao,University of Central Florida,http://fan-yao.com,07_GV5oAAAAJ,0000-0000-0000-0000
Fan Ye 0003,Stony Brook University,http://www.ece.stonybrook.edu/~fanye/index2.html,QryTRHAAAAAJ,0000-0000-0000-0000
Fan Zhang 0010,Zhejiang University,http://www.zjuisee.zju.edu.cn/fanzhang/site_en/index.htm,o7DuSwsAAAAJ,0000-0001-6087-8243
Fan Zhang 0017,University of Bristol,https://fan-aaron-zhang.github.io,BBujJNcAAAAJ,0000-0001-6623-9936
Fan Zhang 0022,Yale University,https://www.fanzhang.me,YTokrfkAAAAJ,0000-0002-8525-4514
Fan Zhong,Shandong University,https://cvfzhong.github.io,NOSCHOLARPAGE,0000-0001-7636-524X
Fan Zhou 0002,UESTC,http://www.is.uestc.edu.cn/teachers.do?id=1121,Ihj2Rw8AAAAJ,0000-0002-8038-8150
Fan-Tien Cheng,National Cheng Kung University,http://www.csie.ncku.edu.tw/ncku_csie/depmember/teacherdetail/id/37,m9IzwP8AAAAJ,0000-0001-8201-223X
Fang Chen,Chalmers/GU,https://www.chalmers.se/en/staff/Pages/fang-chen.aspx,M_PnmHUAAAAJ,0000-0000-0000-0000
Fang Kong 0001,Soochow University,http://jxjylx.suda.edu.cn/c1/54/c12588a377172/page.htm,NOSCHOLARPAGE,0000-0000-0000-0000
Fang Li 0001,Shanghai Jiao Tong University,http://www.cs.sjtu.edu.cn/~li-fang,U3Sm3-YAAAAJ,0009-0001-2404-1152
Fang Liu 0001,Xidian University,https://web.xidian.edu.cn/fliu,qrQkfxYAAAAJ,0000-0002-5669-9354
Fang Liu 0002,Hunan University,http://design.hnu.edu.cn/info/1023/5787.htm,PXo2aVUAAAAJ,0000-0001-8753-3878
Fang Liu 0032,Beihang University,https://liufang816.github.io,iqtKptAAAAAJ,0000-0002-3905-8133
Fang Song 0001,Portland State University,https://fangsong.info,A6C3geAAAAAJ,0000-0002-3098-6451
Fang Zhao 0003,BUPT,https://scs.bupt.edu.cn/info/1277/2497.htm,NOSCHOLARPAGE,0000-0002-4784-5778
Fang Zhao 0006,Nanjing University,https://zhaofang0627.github.io,4C7mvOwAAAAJ,0000-0002-6772-8042
Fang-Yi Yu,George Mason University,https://cs.gmu.edu/~fangyiyu,LhLBzWEAAAAJ,0000-0002-3697-8807
Fangchun Yang,BUPT,https://int.bupt.edu.cn/content/content.php?p=6_16_94,NOSCHOLARPAGE,0000-0000-0000-0000
Fangfang Li,Central South University,https://faculty.csu.edu.cn/lifangfang/zh_CN/index.htm,NOSCHOLARPAGE,0000-0000-0000-0000
Fangfang Zhou,Central South University,https://faculty.csu.edu.cn/zff/zh_CN/index.htm,NOSCHOLARPAGE,0000-0002-4760-0551
Fanghui Liu 0001,University of Warwick,https://www.lfhsgre.org,AKxBgssAAAAJ,0000-0000-0000-0000
Fangju Wang,University of Guelph,https://www.uoguelph.ca/computing/people/fangju-wang,NOSCHOLARPAGE,0000-0000-0000-0000
Fangmin Song,Nanjing University,http://www.easychair.org/smart-program/VSL2014/person4653.html,NOSCHOLARPAGE,0000-0000-0000-0000
Fangming Liu,HUST,http://faculty.hust.edu.cn/liufangming/en/index.htm,MfjcVE4AAAAJ,0000-0002-8570-1345
Fangtian Ying,Zhejiang University,http://mypage.zju.edu.cn/0094123,NOSCHOLARPAGE,0000-0001-9047-0257
Fangtian Zhong,Montana State University,http://www.cs.montana.edu/directory/2458165/fangtian-zhong,byrWN40AAAAJ,0000-0002-1125-7472
Fangxiang Feng,BUPT,https://teacher.bupt.edu.cn/fengfangxiang1/en/index.htm,W0O_dfoAAAAJ,0000-0000-0000-0000
Fangxin Liu,Shanghai Jiao Tong University,https://mxhx7199.github.io,dXzsaIsAAAAJ,0000-0002-8769-293X
Fangxin Wang 0001,CUHK (SZ),https://mypage.cuhk.edu.cn/academics/wangfangxin,HX4VSZ0AAAAJ,0000-0003-2559-045X
Fangxing Li 0001,University of Tennessee,http://web.eecs.utk.edu/~fli6,Xlzr3HMAAAAJ,0000-0003-1060-7618
Fangzhen Lin,HKUST,http://www.cs.ust.hk/~flin,klFoxpYAAAAJ,0000-0002-3141-8675
Fanhua Shang,Tianjin University,https://sites.google.com/site/fanhua217,rk_HZTkAAAAJ,0000-0002-1040-352X
Fani Deligianni,University of Glasgow,https://www.gla.ac.uk/schools/computing/staff/fanideligianni,Uw6VosgAAAAJ,0000-0003-1306-5017
Fanny Chevalier,University of Toronto,http://www.cs.toronto.edu/~fchevali/fannydotnet/index.html,qc6jW8sAAAAJ,0000-0002-5585-7971
Fanxin Kong,University of Notre Dame,https://sites.google.com/site/fanxink,XeDepwwAAAAJ,0000-0002-2174-1620
Faqian Guan,City University of Macau,https://fds.cityu.edu.mo/en/members/452,tl6s9-cAAAAJ,0000-0002-5701-8311
Farag Sallabi,UAEU,https://www.uaeu.ac.ae/en/cit/profile.shtml?email=f.sallabi@uaeu.ac.ae,Y5X0HvEAAAAJ,0000-0000-0000-0000
Farah Deeba,UNC - Charlotte,https://ece.charlotte.edu/directory/dr-farah-deeba-phd,pjHmZ5sAAAAJ,0000-0000-0000-0000
Farah Shamout,NYU Abu Dhabi,https://www.farahshamout.com,STim0bgAAAAJ,0000-0002-6076-725X
Faramarz F. Samavati,University of Calgary,http://www.cpsc.ucalgary.ca/~samavati,NOSCHOLARPAGE,0000-0001-9440-7562
Faramarz Famil Samavati,University of Calgary,http://www.cpsc.ucalgary.ca/~samavati,NOSCHOLARPAGE,0000-0000-0000-0000
Faramarz Samavati,University of Calgary,http://www.cpsc.ucalgary.ca/~samavati,NOSCHOLARPAGE,0000-0001-9440-7562
Faraz Hasan,Massey University,http://www.massey.ac.nz/massey/expertise/profile.cfm?stref=572350,sL4S7W0AAAAJ,0000-0000-0000-0000
Fareed Zaffar,LUMS,https://lums.edu.pk/lums_employee/422,NOSCHOLARPAGE,0000-0000-0000-0000
Fareena Saqib,UNC - Charlotte,https://ece.charlotte.edu/directory/dr-fareena-saqib-phd,mL50OJwAAAAJ,0000-0000-0000-0000
Farhad Ahani Kamangar,University of Texas at Arlington,http://ranger.uta.edu/~kamangar,NOSCHOLARPAGE,0000-0000-0000-0000
Farhad Arbab,CWI,http://homepages.cwi.nl/~farhad,GTW3mJ4AAAAJ,0000-0000-0000-0000
Farhad Kamangar,University of Texas at Arlington,http://ranger.uta.edu/~kamangar,NOSCHOLARPAGE,0000-0001-7204-0296
Farhad Shahrokhi,University of North Texas,http://www.cse.unt.edu/~farhad,dQ6YZ10AAAAJ,0000-0000-0000-0000
Farhad Shirani 0001,Florida International University,https://pi-colab.github.io,M1Ab5mEAAAAJ,0000-0003-1316-3899
Farhana H. Zulkernine,Queen’s University,http://cs.queensu.ca/~farhana,NOSCHOLARPAGE,0000-0000-0000-0000
Farhana Murtaza Choudhury,University of Melbourne,https://findanexpert.unimelb.edu.au/profile/835663-farhana-choudhury,8hh5de8AAAAJ,0000-0001-6529-4220
Fariba Sadri,Imperial College London,http://www.doc.ic.ac.uk/~fs,1CN_q7kAAAAJ,0000-0000-0000-0000
Fariborz Lohrabi Pour,UNC - Charlotte,https://ece.charlotte.edu/directory/dr-fariborz-lohrabi-pour-phd,HdjHYJgAAAAJ,0000-0000-0000-0000
Farid Melgani,University of Trento,https://disi.unitn.it/~melgani,NOSCHOLARPAGE,0000-0000-0000-0000
Farid Shahandeh,Royal Holloway Univ. of London,https://pure.royalholloway.ac.uk/en/persons/farid-shahandeh,Sn15oc4AAAAJ,0000-0001-5316-6707
Farida Cheriet,Polytechnique Montreal,https://www.polymtl.ca/expertises/cheriet-farida,JnmZTOEAAAAJ,0000-0000-0000-0000
Farinaz Koushanfar,Univ. of California - San Diego,https://farinaz.eng.ucsd.edu/home,3XnMVUAAAAAJ,0000-0003-0798-3794
Faris Alwzinani,Brunel University London,https://www.brunel.ac.uk/people/faris-alwzinani,QdsIHjgAAAAJ,0000-0000-0000-0000
Farnam Jahanian,Carnegie Mellon University,https://www.cmu.edu/leadership/the-provost,NOSCHOLARPAGE,0000-0000-0000-0000
Farokh B. Bastani,University of Texas at Dallas,https://www.utdallas.edu/~bastani,NOSCHOLARPAGE,0000-0000-0000-0000
Farookh Hussain,University of Technology Sydney,https://www.uts.edu.au/staff/farookh.hussain,L2Ve-R0AAAAJ,0000-0003-1513-8072
Farookh Khadeer Hussain,University of Technology Sydney,https://www.uts.edu.au/staff/farookh.hussain,L2Ve-R0AAAAJ,0000-0000-0000-0000
Farshad Fotouhi,Wayne State University,http://www.cs.wayne.edu/fotouhi/page.php,IkBUnLYAAAAJ,0000-0000-0000-0000
Faruk Polat,Middle East Technical University,http://user.ceng.metu.edu.tr/~polat,NOSCHOLARPAGE,0000-0000-0000-0000
Farzad Farnoud,University of Virginia,https://engineering.virginia.edu/faculty/farzad-farnoud,s1NC4EMAAAAJ,0000-0002-8684-4487
Farzad Farnoud Hassanzadeh,University of Virginia,https://engineering.virginia.edu/faculty/farzad-farnoud,s1NC4EMAAAAJ,0000-0000-0000-0000
Farzan Farnia,Chinese University of Hong Kong,http://www.cse.cuhk.edu.hk/~farnia,GYPCqcYAAAAJ,0000-0002-6049-9232
Farzaneh Derakhshan,Illinois Institute of Technology,https://www.iit.edu/directory/people/farzaneh-derakhshan,C5JlM6AAAAAJ,0000-0002-2156-2606
Fateme Rajabiyazdi,University of Calgary,https://profiles.ucalgary.ca/fateme-rajabiyazdi,mvoc_5AAAAAJ,0000-0002-8710-865X
Fatemeh Afghah,Northern Arizona University,https://nau.edu/siccs/faculty/fatemeh-afghah,67mA71QAAAAJ,0000-0000-0000-0000
Fatemeh Golpayegani,University College Dublin,https://people.ucd.ie/fatemeh.golpayegani,TW6apHcAAAAJ,0000-0002-3712-6550
Fatemeh Nargesian,University of Rochester,https://fnargesian.com,QAXc7SwAAAAJ,0000-0002-4710-8719
Fatemeh Saadatmand,IT University of Copenhagen,https://pure.itu.dk/portal/en/persons/fatemeh-saadatmand(7cf914ac-d21d-4bb3-9737-a156985ba4f3).html,TiSWp_IAAAAJ,0000-0000-0000-0000
Fatih Alagöz,Boğaziçi University,https://www.cmpe.boun.edu.tr/~alagoz,5Nku4S8AAAAJ,0000-0000-0000-0000
Fatiha Sadat,Université du Québec à Montréal,https://professeurs.uqam.ca/professeur/sadat.fatiha,KSdsq6AAAAAJ,0000-0000-0000-0000
Fatima A. Merchant,University of Houston,https://www.uh.edu/technology/departments/et/people/?l=merchant&f=fatima,fUCDUOoAAAAJ,0000-0000-0000-0000
Fatima Abu Salem,American University of Beirut,http://www.cs.aub.edu.lb/fa21,NOSCHOLARPAGE,0000-0000-0000-0000
Fatima K. Abu Salem,American University of Beirut,http://www.cs.aub.edu.lb/fa21,NOSCHOLARPAGE,0000-0000-0000-0000
Fatma Deniz,TU Berlin,https://www.fatmanet.com,B5Gh1GsAAAAJ,0000-0000-0000-0000
Fatma Guney,Koç University,https://mysite.ku.edu.tr/fguney,g3UitywAAAAJ,0000-0000-0000-0000
Fatma Güney,Koç University,https://mysite.ku.edu.tr/fguney,g3UitywAAAAJ,0000-0002-0358-983X
Fausto Distante,Politecnico di Milano,http://home.deib.polimi.it/distante,NOSCHOLARPAGE,0000-0000-0000-0000
Fausto Fasano,University of Molise,http://docenti.unimol.it/index.php?u=fausto.fasano,8FQHw1gAAAAJ,0000-0003-3736-6383
Fausto Giunchiglia,University of Trento,http://fausto.disi.unitn.it,yDTC2DgAAAAJ,0000-0002-5903-6150
Fawad Ahmad 0002,Rochester Inst. of Technology,https://fawadahm.github.io,CcFk-6wAAAAJ,0000-0003-4182-229X
Fawaz A. Al Zaghoul,University of Jordan,http://computer.ju.edu.jo/Lists/FacultyAcademicStaff/Attachments/26/FAWAZCV-2013-English-Arabic-new-17-2-14.doc,i8KUEesAAAAJ,0000-0000-0000-0000
Faysal Hossain Shezan,University of Texas at Arlington,https://fhshezan.github.io,h2h3PMEAAAAJ,0000-0002-1649-0978
Fayyaz A. Afsar,University of Warwick,https://sites.google.com/view/fayyaz,cQ6eO_kAAAAJ,0000-0000-0000-0000
Fayyaz ul Amir Afsar Minhas,University of Warwick,https://sites.google.com/view/fayyaz,cQ6eO_kAAAAJ,0000-0001-9129-1189
Fazli Can,Bilkent University,http://www.cs.bilkent.edu.tr/~canf,u1-_lGIAAAAJ,0000-0003-0016-4278
Federica Arrigoni,Politecnico di Milano,https://federica-arrigoni.github.io,bzBtqfQAAAAJ,0000-0003-0331-4032
Federica Mandreoli,Univ. of Modena and Reggio Emilia,https://personale.unimore.it/rubrica/dettaglio/fmandreoli,S52hANkAAAAJ,0000-0002-8043-8787
Federica Paganelli,University of Pisa,http://pages.di.unipi.it/paganelli,4pjeAWcAAAAJ,0000-0000-0000-0000
Federica Sarro,University College London,http://www0.cs.ucl.ac.uk/staff/F.Sarro,nW9MDIQAAAAJ,0000-0002-9146-442X
Federico Castagna,Brunel University London,https://www.brunel.ac.uk/people/federico-castagna,idu4cFgAAAAJ,0000-0002-5142-4386
Federico Ciccozzi,Mälardalen University,https://federicociccozzi.com,NibAlbMAAAAJ,0000-0000-0000-0000
Federico Fasce,Goldsmiths University of London,https://www.gold.ac.uk/computing/people/fasce-federico,NOSCHOLARPAGE,0000-0000-0000-0000
Federico Fusco 0001,Sapienza University of Rome,https://sites.google.com/uniroma1.it/federicofusco/home,oaS8iAQAAAAJ,0000-0001-6250-945X
Federico Iuricich,Clemson University,http://fiurici.people.clemson.edu,NOSCHOLARPAGE,0000-0003-1782-9715
Federico Liberatore,Cardiff University,https://www.cardiff.ac.uk/people/view/1721244-liberatore-federico,NOSCHOLARPAGE,0000-0001-9900-5108
Federico Olmedo,Universidad de Chile,https://pleiad.cl/people/folmedo,6xQx47oAAAAJ,0000-0003-0217-6483
Federico Pianzola,University of Groningen,https://federicopianzola.me,9slbRHkAAAAJ,0000-0001-6634-121X
Federico Poloni,University of Pisa,http://www.di.unipi.it/~fpoloni,Sc-AccMAAAAJ,0000-0000-0000-0000
Fedor V. Fomin,University of Bergen,https://www.ii.uib.no/~fomin,96ZXvOsAAAAJ,0000-0003-1955-4612
Fei Chao 0001,Xiamen University,https://cogsci.xmu.edu.cn/info/1034/1249.htm,srS6rNMAAAAJ,0000-0002-6928-2638
Fei Chen 0003,Shenzhen University,https://sites.google.com/site/chenfeiorange,mrE1dDkAAAAJ,0000-0000-0000-0000
Fei Chiang,McMaster University,http://www.cas.mcmaster.ca/~fchiang,gbH5eZQAAAAJ,0000-0000-0000-0000
Fei Dou,University of Georgia,https://fayedou.github.io,qt_NUQwAAAAJ,0000-0003-4246-8616
Fei Fang 0001,Carnegie Mellon University,https://www.andrew.cmu.edu/user/feif,R6jE0VEAAAAJ,0000-0003-2256-8329
Fei Fred Wang,University of Tennessee,http://www.eecs.utk.edu/people/faculty/fwang9,Kl1OE9UAAAAJ,0000-0002-2133-9199
Fei Gao 0010,ShanghaiTech University,http://www.hislab.cn,aDTizY8AAAAJ,0000-0000-0000-0000
Fei Gu,Soochow University,http://web.suda.edu.cn/gufei/index.html,Qle8v_AAAAAJ,0000-0000-0000-0000
Fei Guo 0001,Central South University,https://faculty.csu.edu.cn/guofei1/zh_CN/index.htm,Roc9Z20AAAAJ,0000-0001-8346-0798
Fei He 0001,Tsinghua University,http://www.thss.tsinghua.edu.cn/publish/soften/3131/2010/20101219193526388181747/20101219193526388181747_.html,uTnP9v0AAAAJ,0000-0002-4266-875X
Fei Li 0001,George Mason University,https://cs.gmu.edu/~lifei,ql6BXwcAAAAJ,0000-0000-0000-0000
Fei Liu 0004,Emory University,https://www.cs.emory.edu/~fliu40,22ohn6AAAAAJ,0000-0000-0000-0000
Fei Liu 0033,University of Tennessee,https://eecs.utk.edu/people/fei-liu,fbYyhmAAAAAJ,0000-0002-3837-4206
Fei Miao,University of Connecticut,http://feimiao.org,fH2YF6YAAAAJ,0000-0000-0000-0000
Fei Peng,Hunan University,http://csee.hnu.edu.cn/people/pengfei,FT0YdtIAAAAJ,0000-0000-0000-0000
Fei Qi 0001,Xidian University,https://web.xidian.edu.cn/qifei,JGpo5vQAAAAJ,0000-0000-0000-0000
Fei Song,University of Guelph,https://www.uoguelph.ca/computing/people/fei-song,NOSCHOLARPAGE,0000-0000-0000-0000
Fei Su,BUPT,https://teacher.bupt.edu.cn/sufei/en/index/36998/list/index.htm,NOSCHOLARPAGE,0000-0000-0000-0000
Fei Sun 0001,Chinese Academy of Sciences,https://ofey.me,OlRxBhcAAAAJ,0000-0002-6146-148X
Fei Wang 0001,Cornell University,https://wcm-wanglab.github.io/index.html,FjCbjDYAAAAJ,0000-0001-9459-9461
Fei Wang 0014,Chinese Academy of Sciences,https://finleywang.github.io,MuEc_JEAAAAJ,0000-0002-3282-0535
Fei Wang 0017,Fudan University,http://www.cs.fudan.edu.cn/?page_id=1948,NOSCHOLARPAGE,0000-0001-5890-0448
Fei Wang 0045,University of Tennessee,http://www.eecs.utk.edu/people/faculty/fwang9,Kl1OE9UAAAAJ,0000-0000-0000-0000
Fei Wu 0001,Zhejiang University,http://mypage.zju.edu.cn/wufei,XJLn4MYAAAAJ,0000-0003-2139-8807
Fei Wu 0005,HUST,http://faculty.hust.edu.cn/wufei1/en/index.htm,W85qaNMAAAAJ,0000-0001-9746-4714
Fei Xie 0004,Portland State University,http://web.cecs.pdx.edu/~xie,ln3fTN0AAAAJ,0000-0000-0000-0000
Fei-Fei Li 0001,Stanford University,http://vision.stanford.edu/feifeili,rDfyQnIAAAAJ,0000-0002-7481-0810
Feida Zhu 0001,Singapore Management University,https://www.smu.edu.sg/faculty/profile/9644/ZHU-Feida,uLa0zdcAAAAJ,0000-0001-6077-4356
Feifei Ma,Chinese Academy of Sciences,http://people.ucas.edu.cn/~feifeima,nbUWp5wAAAAJ,0000-0000-0000-0000
Feilong Tang,Shanghai Jiao Tong University,https://www.cs.sjtu.edu.cn/PeopleDetail.aspx?id=343,x_WgkwcAAAAJ,0000-0002-1384-198X
Feipei Lai,National Taiwan University,https://sites.google.com/site/medinfolabatntu,NOSCHOLARPAGE,0000-0001-7147-8122
Feiping Nie 0001,NWPU,http://www.escience.cn/people/fpnie/index.html,2oB4nAIAAAAJ,0000-0002-0871-6519
Feiqiao Mao,Shenzhen University,https://csse.szu.edu.cn/en/pages/user/index?id=534,ABaMtH4AAAAJ,0000-0003-1512-5503
Felipe Gonzalez,Queensland Univ. of Technology,https://research.qut.edu.au/qcr/people/felipe-gonzalez,c_5ewxYAAAAJ,0000-0002-4342-3682
Felipe M. G. França,UFRJ,http://www.cos.ufrj.br/~felipe,An-l3DsAAAAJ,0000-0002-8980-6208
Felipe Maia Galvão França,UFRJ,http://www.cos.ufrj.br/~felipe,An-l3DsAAAAJ,0000-0000-0000-0000
Felipe Meneguzzi,University of Aberdeen,http://www.meneguzzi.eu/felipe,uFEbojwAAAAJ,0000-0003-3549-6168
Felipe Orihuela-Espina,University of Birmingham,https://www.birmingham.ac.uk/staff/profiles/computer-science/academic-staff/orihuela-espina-felipe.aspx,Yj2_-7kAAAAJ,0000-0001-8963-7283
Felipe Rech Meneguzzi,PUC-RS,http://www.meneguzzi.eu/felipe,uFEbojwAAAAJ,0000-0000-0000-0000
Felipe W. Trevizan,Australian National University,https://comp.anu.edu.au/people/felipe-trevizan,AG1PRG4AAAAJ,0000-0000-0000-0000
Felisa J. Vázquez-Abad,CUNY,http://www.hunter.cuny.edu/csci/people/faculty,NOSCHOLARPAGE,0000-0000-0000-0000
Felix A. Wichmann,University of Tübingen,https://uni-tuebingen.de/en/faculties/faculty-of-science/departments/computer-science/lehrstuehle/neural-information-processing/people/members,NxrQ794AAAAJ,0000-0000-0000-0000
Felix Brandt 0001,TU Munich,http://dss.in.tum.de/staff/brandt,fVnXdaQAAAAJ,0000-0002-4179-9897
Felix C. Freiling,University of Erlangen–Nuremberg,https://www.cs1.tf.fau.de/person/felix-freiling,NOSCHOLARPAGE,0000-0000-0000-0000
Felix C. Gärtner,University of Erlangen–Nuremberg,https://www.cs1.tf.fau.de/person/felix-freiling,NOSCHOLARPAGE,0000-0000-0000-0000
Felix Freitag,Polytechnic Univ. of Catalonia,http://people.ac.upc.edu/felix,6wJ4ZdQAAAAJ,0000-0001-5438-479X
Felix Heide,Princeton University,https://www.cs.princeton.edu/~fheide,gRqzSHsAAAAJ,0000-0002-8054-9823
Felix J. Herrmann,Georgia Institute of Technology,http://www.slim.eos.ubc.ca,hw23CTQAAAAJ,0000-0000-0000-0000
Felix Joos,Heidelberg University,https://www.ifi.uni-heidelberg.de/theoi/team/felix_joos.html,NOSCHOLARPAGE,0000-0002-8539-9641
Felix Lindner 0001,University of Ulm,https://www.uni-ulm.de/in/ki/inst/staff/jun-prof-dr-felix-lindner,Tk2X5SYAAAAJ,0000-0000-0000-0000
Felix Naumann,Hasso Plattner Institute,https://hpi.de/en/research/research-groups/information-systems,Pqf21y0AAAAJ,0000-0002-4483-1389
Felix Reidl,Birkbeck University of London,https://www.dcs.bbk.ac.uk/about/people/academic-staff/felix-reidl,FOSGoU8AAAAJ,0000-0002-2354-3003
Felix Wolf 0001,TU Darmstadt,https://www.informatik.tu-darmstadt.de/parallel/parallel_programming/parallel_team/felix_wolf/index.en.jsp,VBouyX8AAAAJ,0000-0001-6595-3599
Felix Xiaozhu Lin,University of Virginia,https://fxlin.github.io,f6FFhS8AAAAJ,0000-0002-1615-6419
Femke van Raamsdonk,VU Amsterdam,http://www.cs.vu.nl/~femke,i9-twtYAAAAJ,0000-0000-0000-0000
Feng (Alex) Liu,University of Melbourne,https://fengliu90.github.io,eqe3JS8AAAAJ,0000-0000-0000-0000
Feng Chen 0001,University of Texas at Dallas,https://personal.utdallas.edu/~fxc190007,KOQ-SSYAAAAJ,0000-0002-4508-5963
Feng Chen 0005,Indiana University,https://homes.luddy.indiana.edu/fchen25,IKgaBAcAAAAJ,0000-0000-0000-0000
Feng Dong,University of Strathclyde,https://pureportal.strath.ac.uk/en/persons/feng-dong/publications,NOSCHOLARPAGE,0000-0000-0000-0000
Feng Gu 0001,CUNY,http://www.cs.csi.cuny.edu/~gu,6JuoIAUAAAAJ,0000-0000-0000-0000
Feng Guo,Indiana University,https://frankfengguo.weebly.com,L6lqEq8AAAAJ,0009-0007-1920-0781
Feng Hao,University of Warwick,https://www.dcs.warwick.ac.uk/~fenghao,RHaZFqcAAAAJ,0000-0000-0000-0000
Feng Jiang 0001,Harbin Institute of Technology,http://homepage.hit.edu.cn/jiangfeng,NOSCHOLARPAGE,0000-0000-0000-0000
Feng Li 0014,Shandong University,https://funglee.github.io,lJ-jik0AAAAJ,0000-0000-0000-0000
Feng Lin 0004,Zhejiang University,https://person.zju.edu.cn/person/flin,gyBxQOAAAAAJ,0000-0001-5240-5200
Feng Liu 0003,University of Melbourne,https://fengliu90.github.io,eqe3JS8AAAAJ,0000-0002-5005-9129
Feng Liu 0005,University of Queensland,http://researchers.uq.edu.au/researcher/951,NOSCHOLARPAGE,0000-0000-0000-0000
Feng Liu 0013,Shenzhen University,https://www.researchgate.net/profile/Feng-Liu-66,45uLWocAAAAJ,0000-0003-1493-5352
Feng Liu 0015,Portland State University,http://web.cecs.pdx.edu/~fliu,uiqXutMAAAAJ,0000-0002-5399-6214
Feng Liu 0037,Drexel University,https://drexel.edu/cci/about/directory/L/Liu-Feng,8Y9iUz0AAAAJ,0000-0003-2103-4659
Feng Lu 0005,Beihang University,http://shi.buaa.edu.cn/lufeng,NOSCHOLARPAGE,0000-0001-9064-7964
Feng Luo 0001,Clemson University,https://people.cs.clemson.edu/~luofeng,joROlFwAAAAJ,0000-0002-4813-2403
Feng Lv,Central South University,https://faculty.csu.edu.cn/fenglyu/zh_CN/index.htm,NOSCHOLARPAGE,0009-0002-6008-8465
Feng Qian 0001,University of Southern California,https://feng-qian.github.io,-ExSBb0AAAAJ,0000-0001-8509-2650
Feng Qin,Ohio State University,http://web.cse.ohio-state.edu/~qin,kTh5nIIAAAAJ,0000-0000-0000-0000
Feng Tian 0001,Chinese Academy of Sciences,http://lcs.ios.ac.cn/~fengt,NOSCHOLARPAGE,0000-0002-6598-419X
Feng Wang 0001,University of Mississippi,https://john.cs.olemiss.edu/~fwang/Home.htm,NOSCHOLARPAGE,0000-0000-0000-0000
Feng Wang 0037,Wuhan University,https://fengwangwhu.github.io,75sTSb0AAAAJ,0000-0000-0000-0000
Feng Wu 0001,USTC,https://ustc-ivclab.github.io/people/2014/02/01/wu%2C-feng.html,5bInRDEAAAAJ,0000-0001-8451-0881
Feng Xia 0001,RMIT University,https://www.xia.ai,HDFA2VYAAAAJ,0000-0002-8324-1859
Feng Xu 0005,Tsinghua University,http://cgcad.thss.tsinghua.edu.cn/xufeng,OqNQnTkAAAAJ,0000-0002-0953-1057
Feng Xu 0007,Nanjing University,http://ics.nju.edu.cn/people/fengxu,Fw3wFocAAAAJ,0000-0000-0000-0000
Feng Yan 0001,University of Houston,http://www2.cs.uh.edu/~fyan,iLE0_VAAAAAJ,0000-0001-9840-7754
Feng Zeng,Central South University,https://faculty.csu.edu.cn/zengfeng/zh_CN/index.htm,NOSCHOLARPAGE,0000-0000-0000-0000
Feng Zhang 0007,Renmin University of China,http://iir.ruc.edu.cn/~zhangf,6dDocYkAAAAJ,0000-0003-1983-7321
Feng Zheng 0001,SUSTech,https://faculty.sustech.edu.cn/fengzheng,PcmyXHMAAAAJ,0000-0002-1701-9141
Feng Zhu 0006,UESTC,http://faculty.uestc.edu.cn/williamzhu/en/jsxx/262241/jsxx/jsxx.htm,GIwXoWAAAAAJ,0000-0000-0000-0000
Feng Zhu 0010,University of Alabama - Huntsville,https://www.uah.edu/science/departments/computer-science/faculty-staff/feng-zhu,NOSCHOLARPAGE,0000-0000-0000-0000
Feng-Hao Liu,Washington State University,https://school.eecs.wsu.edu/faculty/profile/?nid=feng-hao.liu,vvWcl-wAAAAJ,0000-0003-4298-3925
Feng-Jian Wang,National Chiao Tung University,https://www.cs.nctu.edu.tw/members/detail/fjwang,NOSCHOLARPAGE,0000-0000-0000-0000
Fengbo Ren,Arizona State University,https://search.asu.edu/profile/2436287,f-wp99AAAAAJ,0000-0002-6509-8753
Fengchun Qiao,University of South Florida,https://www.usf.edu/ai-cybersecurity-computing/people/faculty/fengchun_qiao.aspx,BY6zd_0AAAAJ,0000-0003-2714-2036
Fengguang Song,Indiana University,https://engineering.indiana.edu/contact/profile/index.html?Fengguang_Song,BoVnm1wAAAAJ,0000-0001-7382-093X
Fengjun Li,University of Kansas,http://www.ittc.ku.edu/~fli,uoiTHjgAAAAJ,0000-0003-4079-2228
Fengli Zhang,UESTC,https://www.is.uestc.edu.cn/teachers.do?id=1045,NOSCHOLARPAGE,0000-0000-0000-0000
Fenglin Bu,Shanghai Jiao Tong University,http://www.se.sjtu.edu.cn/teacher/teacherdetail.aspx?id=2,NOSCHOLARPAGE,0000-0000-0000-0000
Fengling Han,RMIT University,https://www.rmit.edu.au/contact/staff-contacts/academic-staff/h/han-dr-fengling,lJNy2Kc58cIC,0000-0001-8756-7197
Fenglong Ma,Pennsylvania State University,http://personal.psu.edu/ffm5105,DLJIxNMAAAAJ,0000-0002-4999-0303
Fengshi Jing,City University of Macau,https://fds.cityu.edu.mo/en/members/291,4D9ZaT4AAAAJ,0000-0002-6747-6527
Fengwei Zhang,SUSTech,http://cse.sustech.edu.cn/faculty/~zhangfw,A_SXH6AAAAAJ,0000-0003-3365-2526
Fengxiang He,University of Edinburgh,http://www.inf.ed.ac.uk/people/staff/Fengxiang_He.html,QSx-Yu0AAAAJ,0000-0001-5584-2385
Fengyuan Ren,Tsinghua University,https://nns.cs.tsinghua.edu.cn/~renfy,NOSCHOLARPAGE,0000-0001-6526-3889
Fengyuan Xu,Nanjing University,https://cs.nju.edu.cn/fxu,NOSCHOLARPAGE,0000-0003-3388-7544
Feodor F. Dragan,Kent State University,https://www.kent.edu/cs/feodor-f-dragan,U74_kMcAAAAJ,0000-0000-0000-0000
Feras Dayoub,Adelaide University,https://researchers.adelaide.edu.au/profile/feras.dayoub,Lzs8CuEAAAAJ,0000-0002-4234-7374
Feras Saad,Carnegie Mellon University,https://www.cs.cmu.edu/~fsaad,1aou7GkAAAAJ,0000-0002-0505-795X
Ferda Nur Alpaslan,Middle East Technical University,http://user.ceng.metu.edu.tr/~alpaslan,OydiLPQAAAAJ,0000-0002-9806-1543
Ferdinando Fioretto,University of Virginia,http://nandofioretto.com,ASf9Q04AAAAJ,0000-0002-1381-6776
Ferenc Huszar,University of Cambridge,https://www.inference.vc/about,koQCVT4AAAAJ,0000-0000-0000-0000
Ferenc Huszár,University of Cambridge,https://www.inference.vc/about,koQCVT4AAAAJ,0000-0000-0000-0000
Fereydoun Hormozdiari,Univ. of California - Davis,http://www.hormozdiarilab.org,yTTJKNQAAAAJ,0000-0003-2703-9274
Fereydoun Kazemian,Rochester Inst. of Technology,https://www.cs.rit.edu/~fxk,NOSCHOLARPAGE,0000-0000-0000-0000
Fergal Shevlin,Trinity College Dublin,https://www.tcd.ie/research/profiles/?profile=fshevlin,0kf4gp4AAAAJ,0000-0000-0000-0000
Ferkan Yilmaz,Yıldız Technical University,https://www.ce.yildiz.edu.tr/personal/ferkan?lang=en,yD0td6wAAAAJ,0000-0001-6502-8280
Fermi Ma,New York University,https://fermima.com,iYKXRK0AAAAJ,0009-0002-2437-0535
Fermín Moscoso del Prado Martín,University of Cambridge,https://www.cst.cam.ac.uk/people/fm611,ijkDfKcAAAAJ,0000-0000-0000-0000
Fernanda B. Viégas,Harvard University,https://seas.harvard.edu/person/fernanda-viegas,GvXDNsYAAAAJ,0000-0002-4951-4008
Fernanda Gusmão de Lima,UFRGS,http://www.inf.ufrgs.br/~fglima,vazfTWQAAAAJ,0000-0000-0000-0000
Fernanda Gusmão de Lima Kastensmidt,UFRGS,http://www.inf.ufrgs.br/~fglima,vazfTWQAAAAJ,0000-0000-0000-0000
Fernanda Lima Kastensmidt,UFRGS,http://www.inf.ufrgs.br/~fglima,vazfTWQAAAAJ,0000-0000-0000-0000
Fernanda Madeiral,UFPE,https://fermadeiral.github.io,Jqy0cu0AAAAJ,0000-0003-2048-7648
Fernando A. Kuipers,TU Delft,https://www.fernandokuipers.nl,W9BWce4AAAAJ,0000-0002-6686-8350
Fernando Alva-Manchego,Cardiff University,https://feralvam.github.io,4SnHu7sAAAAJ,0000-0001-6218-8377
Fernando Castor,University of Twente,http://fernandocastor.github.io,c_egjh0AAAAJ,0000-0002-6389-3630
Fernando Castor Filho,University of Twente,http://fernandocastor.github.io,c_egjh0AAAAJ,0000-0002-6389-3630
Fernando De la Rosa,Universidad de los Andes,https://sistemasacademico.uniandes.edu.co/~fde,UB6e9ywAAAAJ,0000-0000-0000-0000
Fernando Diaz 0001,Carnegie Mellon University,https://841.io,212SLn0AAAAJ,0000-0003-2345-1288
Fernando E. B. Otero,University of Kent,https://www.cs.kent.ac.uk/people/staff/febo,pEa-vucAAAAJ,0000-0000-0000-0000
Fernando Esteban Barril Otero,University of Kent,https://www.cs.kent.ac.uk/people/staff/febo,pEa-vucAAAAJ,0000-0000-0000-0000
Fernando G. S. L. Brandão,California Inst. of Technology,http://fernandobrandao.org,zmDJrh0AAAAJ,0000-0000-0000-0000
Fernando Gehm Moraes,PUC-RS,http://www.inf.pucrs.br/moraes,XNjum_8AAAAJ,0000-0001-6126-6847
Fernando Jiménez,University of Murcia,http://webs.um.es/fernan/miwiki/doku.php?id=english,CWgxQY8AAAAJ,0000-0000-0000-0000
Fernando José Castor de Lima Filho,University of Twente,http://fernandocastor.github.io,c_egjh0AAAAJ,0000-0000-0000-0000
Fernando Loizides,Cardiff University,https://www.cardiff.ac.uk/people/view/978548-loizides-fernando,Bi4yMA8AAAAJ,0000-0003-0531-6760
Fernando Luís Dotti,PUC-RS,http://www.inf.pucrs.br/~fldotti,mwe43TsAAAAJ,0000-0001-9061-4695
Fernando M. Gonçalves,Universidade de Lisboa,http://cemapre.iseg.ulisboa.pt/~fgoncalves,633dK-8AAAAJ,0000-0002-0559-1888
Fernando M. Q. Pereira,UFMG,http://homepages.dcc.ufmg.br/~fernando,xZfJARoAAAAJ,0000-0000-0000-0000
Fernando M. V. Ramos,Universidade de Lisboa,https://ciencias.ulisboa.pt/perfil/fvramos,NhC7jcQAAAAJ,0000-0003-3585-8587
Fernando M. de Paula Neto,UFPE,https://lattes.cnpq.br/9643216021359436,G8CQMB0AAAAJ,0000-0000-0000-0000
Fernando Maciano de Paula Neto,UFPE,https://lattes.cnpq.br/9643216021359436,G8CQMB0AAAAJ,0000-0000-0000-0000
Fernando Magno Quintão Pereira,UFMG,http://homepages.dcc.ufmg.br/~fernando,xZfJARoAAAAJ,0000-0002-0375-1657
Fernando Manuel Valente Ramos,Universidade de Lisboa,https://ciencias.ulisboa.pt/perfil/fvramos,NhC7jcQAAAAJ,0000-0000-0000-0000
Fernando Mira da Silva,Universidade de Lisboa,https://fenix.tecnico.ulisboa.pt/homepage/ist12048,bKFCRYYAAAAJ,0000-0000-0000-0000
Fernando Moraes 0001,PUC-RS,http://www.inf.pucrs.br/moraes,XNjum_8AAAAJ,0000-0001-6126-6847
Fernando Pedone,Università della Svizzera italiana,http://search.usi.ch/persone/c0c73c01f826ab0fdbef316b448f7d7c/Pedone-Fernando,BexX9vYAAAAJ,0000-0002-2256-0901
Fernando Santos Osório,USP-ICMC,http://conteudo.icmc.usp.br/pessoas/fosorio/fosorio-usp.html,RHVtgb0AAAAJ,0000-0002-6620-2794
Fernando Schapachnik,University of Buenos Aires,http://lafhis.dc.uba.ar/en/~fpscha,NOSCHOLARPAGE,0000-0002-5698-1800
Fernando V. Paulovich,Dalhousie University,https://sites.google.com/site/fpaulovich,TmMJsJkAAAAJ,0000-0002-2316-760X
Fernando Vieira Paulovich,Dalhousie University,https://sites.google.com/site/fpaulovich,TmMJsJkAAAAJ,0000-0002-2316-760X
Fernando da Fonseca de Souza,UFPE,https://www.cin.ufpe.br/~fdfd,NOSCHOLARPAGE,0000-0000-0000-0000
Ferrante Neri,University of Surrey,https://www.surrey.ac.uk/people/ferrante-neri,h0JDq7sAAAAJ,0000-0002-6100-6532
Fethi A. Rabhi,UNSW,https://research.unsw.edu.au/people/professor-fethi-rabhi,NOSCHOLARPAGE,0000-0001-8934-6259
Fethi Rabhi,UNSW,https://research.unsw.edu.au/people/professor-fethi-rabhi,NOSCHOLARPAGE,0000-0001-8934-6259
Feza Buzluca,Istanbul Technical University,http://web.itu.edu.tr/buzluca,nQqXUskAAAAJ,0000-0000-0000-0000
Fidel Cacheda,University of A Coruña,https://pdi.udc.es/es/File/Pdi/H399E,NOSCHOLARPAGE,0000-0002-6438-1661
Fikret Gürgen,Boğaziçi University,https://www.cmpe.boun.edu.tr/~gurgen,B8EWl8gAAAAJ,0000-0000-0000-0000
Fikret S. Gürgen,Boğaziçi University,https://www.cmpe.boun.edu.tr/~gurgen,B8EWl8gAAAAJ,0000-0000-0000-0000
Filbert Minj,IISc Bangalore,https://www.serc.iisc.ac.in/faculty,NOSCHOLARPAGE,0000-0000-0000-0000
Filip Murlak,University of Warsaw,http://www.mimuw.edu.pl/~fmurlak,lhjxaFQAAAAJ,0000-0003-0989-3717
Filip Rozpedek,Univ. of Massachusetts Amherst,https://sites.google.com/view/filiprozpedek,YOaDA-UAAAAJ,0000-0002-2755-4623
Filip Sadlo,Heidelberg University,https://vcg.iwr.uni-heidelberg.de/people/sadlo,aptHqwMAAAAJ,0000-0002-8949-8452
Filip Sieczkowski,University of Wroclaw,https://sites.google.com/a/cs.uni.wroc.pl/efes,aNLxzEkAAAAJ,0000-0001-5011-3458
Filip Zelezný,Czech Technical University,http://ida.felk.cvut.cz/zelezny,gt3emoEAAAAJ,0000-0000-0000-0000
Filipe Calegario,UFPE,https://www.cin.ufpe.br/~fcac,nTAKxd0AAAAJ,0000-0000-0000-0000
Filipo Sharevski,DePaul University,https://www.cdm.depaul.edu/Faculty-and-Staff/Pages/faculty-info.aspx?fid=1341,tihGPGUAAAAJ,0000-0003-3058-7255
Filippo Bonchi,University of Pisa,https://unimap.unipi.it/cercapersone/dettaglio.php?ri=123768&template=dettaglio3.tpl,RMy4gDsAAAAJ,0000-0002-3433-723X
Filippo Maria Bianchi,UiT The Arctic Univ. of Norway,https://uit.no/ansatte/filippo.m.bianchi,yb7cT1MAAAAJ,0000-0002-7145-3846
Filippo Menczer,Indiana University,http://cnets.indiana.edu/fil,f_kGJwkAAAAJ,0000-0003-4384-2876
Filippo Radicchi,Indiana University,http://homes.sice.indiana.edu/filiradi,ErokNqgAAAAJ,0000-0002-8352-1287
Filippo Stanco,University of Catania,https://www.dmi.unict.it/fstanco/personal-site/index.php,VgtfwzYAAAAJ,0000-0000-0000-0000
Filippos Tzaferis,University of Athens,http://www.di.uoa.gr/eng/staff/1028,NOSCHOLARPAGE,0000-0000-0000-0000
Fillia Makedon,University of Texas at Arlington,http://heracleia.uta.edu/~makedon,NOSCHOLARPAGE,0009-0001-8831-6872
Filomena Ferrucci,University of Salerno,http://salerno.academia.edu/FilomenaFerrucci,6LDD4w0AAAAJ,0000-0002-0975-8972
Finale Doshi,Harvard University,https://www.seas.harvard.edu/directory/finale,NOSCHOLARPAGE,0000-0003-2886-3898
Finale Doshi-Velez,Harvard University,https://www.seas.harvard.edu/directory/finale,NOSCHOLARPAGE,0000-0003-2886-3898
Finlay Maguire,Dalhousie University,https://www.dal.ca/faculty/computerscience/faculty-staff/finlay-maguire.html,rHFCtWwAAAAJ,0000-0002-1203-9514
Finn Kensing,University of Copenhagen,http://www.diku.dk/Ansatte/?pure=da/persons/43656,m_e3GYkAAAAJ,0000-0000-0000-0000
Finn Årup Nielsen,DTU,https://www.compute.dtu.dk/english,NOSCHOLARPAGE,0000-0000-0000-0000
Fintan Costello,University College Dublin,https://people.ucd.ie/fintan.costello,3z-gY18AAAAJ,0000-0002-3953-7863
Fiona Jennet McNeill,University of Edinburgh,http://www.inf.ed.ac.uk/people/staff/Fiona_Mcneill.html,535ZsJMAAAAJ,0000-0000-0000-0000
Fiona McNeill,University of Edinburgh,http://www.inf.ed.ac.uk/people/staff/Fiona_Mcneill.html,535ZsJMAAAAJ,0000-0001-7873-5187
Fiora Pirri,Sapienza University of Rome,http://www.diag.uniroma1.it/pirri,VkYspW0AAAAJ,0000-0001-8665-9807
Fiorella Zampetti,University of Sannio,https://www.unisannio.it/it/users/fzampetti,-qRba7AAAAAJ,0000-0001-7098-8964
Firas AlBalas,JUST,http://www.just.edu.jo/eportfolio/Pages/Default.aspx?email=faalbalas,NOSCHOLARPAGE,0000-0000-0000-0000
Firas Khatib,Univ. of Massachusetts Dartmouth,https://www.umassd.edu/directory/fkhatib,1WSaBBsAAAAJ,0000-0002-6817-7297
Fish Wang,Arizona State University,https://ruoyuwang.me,pi3Z8FgAAAAJ,0000-0000-0000-0000
Fisher Yu 0001,ETH Zurich,https://www.yf.io,-XCiamcAAAAJ,0000-0001-8829-7344
Flaminio Borgonovo,Politecnico di Milano,http://home.deib.polimi.it/borgonov,NOSCHOLARPAGE,0000-0000-0000-0000
Flavia Bonomo,University of Buenos Aires,http://mate.dm.uba.ar/~fbonomo,6VEZpsYAAAAJ,0000-0000-0000-0000
Flavia Bonomo-Braberman,University of Buenos Aires,http://mate.dm.uba.ar/~fbonomo,6VEZpsYAAAAJ,0000-0000-0000-0000
Flavio Chierichetti,Sapienza University of Rome,http://www.chierichetti.name,MGXRuXYAAAAJ,0000-0000-0000-0000
Flavio D. Garcia,University of Birmingham,https://www.birmingham.ac.uk/staff/profiles/computer-science/academic-staff/garcia-flavio.aspx,AMbuD_oAAAAJ,0000-0000-0000-0000
Flavio Esposito,Saint Louis University,https://cs.slu.edu/~esposito,kqKzPS8AAAAJ,0000-0002-7798-4584
Flavio Keidi Miyazawa,UNICAMP,http://www.ic.unicamp.br/~fkm,YV0kVoIAAAAJ,0000-0000-0000-0000
Flavio Toffalini,Ruhr-University Bochum,https://flaviotoffalini.info,3NPpxGIAAAAJ,0000-0002-7114-5640
Flavio V. D. de Figueiredo,UFMG,http://homepages.dcc.ufmg.br/~flaviovdf,4QhxTFYAAAAJ,0000-0000-0000-0000
Flavio Vinicius Diniz de Figueiredo,UFMG,http://homepages.dcc.ufmg.br/~flaviovdf,4QhxTFYAAAAJ,0000-0000-0000-0000
Flavius Gruian,Lund University,http://www.lunduniversity.lu.se/lucat/user/2b6e0dd31045e02d96f26f40904362d9,SafG-QUAAAAJ,0000-0000-0000-0000
Flemming Nielson,DTU,https://www.compute.dtu.dk/english,NOSCHOLARPAGE,0000-0001-7362-6176
Flora D. Salim,UNSW,https://www.unsw.edu.au/staff/flora-salim,Yz35RSYAAAAJ,0000-0002-1237-1664
Flora Malamateniou,University of Piraeus,https://www.ds.unipi.gr/en/faculty/flora-en,NOSCHOLARPAGE,0000-0000-0000-0000
Florante R. Salvador,De La Salle University,https://www.dlsu.edu.ph/colleges/ccs/faculty-profile/single/?id=32742700878&command=GETPROFILE,2waSM7YAAAAJ,0000-0000-0000-0000
Florante Salvador,De La Salle University,https://www.dlsu.edu.ph/colleges/ccs/faculty-profile/single/?id=32742700878&command=GETPROFILE,2waSM7YAAAAJ,0000-0000-0000-0000
Florent Avellaneda,Université du Québec à Montréal,http://florent.avellaneda.free.fr,4HWBd2IAAAAJ,0000-0003-1030-5388
Florent Berthaut,CRIStAL,https://www.cristal.univ-lille.fr/profil/fberthau,NOSCHOLARPAGE,0000-0002-1273-0073
Florent Capelli,CRIStAL,https://www.cristal.univ-lille.fr/profil/fcapelli,NOSCHOLARPAGE,0000-0002-2842-8223
Florent Krzakala,EPFL,https://people.epfl.ch/florent.krzakala,3jDeUlMAAAAJ,0000-0003-2313-2578
Florentin Wörgötter,University of Göttingen,http://www.uni-goettingen.de/en/58059.html,NOSCHOLARPAGE,0000-0000-0000-0000
Florentina Bunea,Cornell University,https://bunea.stat.cornell.edu,vQrFgocAAAAJ,0000-0000-0000-0000
Florian 'Floyd' Mueller,Monash University,https://research.monash.edu/en/persons/floyd-mueller,DUrytgkAAAAJ,0000-0001-6472-3476
Florian Alt,LMU Munich,http://www.medien.ifi.lmu.de/team/florian.alt,wf3Muy8AAAAJ,0000-0001-8354-2195
Florian Benjamin Müller,TU Darmstadt,https://flomue.com,slfzfQIAAAAJ,0000-0000-0000-0000
Florian Daniel,Politecnico di Milano,http://home.deib.polimi.it/daniel,wF6n9-0AAAAJ,0000-0003-3004-8702
Florian Echtler,Aalborg University,https://floe.butterbrot.org,sZssYagAAAAJ,0000-0002-7175-9503
Florian Erhard,University of Regensburg,https://erhard-lab.de,EXgQANwAAAAJ,0000-0002-3574-6983
Florian Hahn 0001,University of Twente,https://research.utwente.nl/en/persons/5f04e4fa-d31f-4337-b4c2-38d041078e92,NOi0NlIAAAAJ,0000-0003-4049-5354
Florian Kaltenberger,EURECOM,https://www.eurecom.fr/fr/people/kaltenberger-florian,R1R9668AAAAJ,0000-0002-3225-3569
Florian Kammueller,Middlesex University,http://www.cs.mdx.ac.uk/people/florian-kammueller,DaQ8dGMAAAAJ,0000-0001-5839-5488
Florian Kammüller,Middlesex University,http://www.cs.mdx.ac.uk/people/florian-kammueller,DaQ8dGMAAAAJ,0000-0000-0000-0000
Florian Kerschbaum,University of Waterloo,https://cs.uwaterloo.ca/~fkerschb,aP-_mb8AAAAJ,0000-0003-4288-2286
Florian Matthes,TU Munich,https://wwwmatthes.in.tum.de/pages/88bkmvw6y7gx/Prof.-Dr.-Florian-Matthes,3zjU5eIAAAAJ,0000-0002-6667-5452
Florian Michahelles,TU Wien,https://informatics.tuwien.ac.at/people/florian-michahelles,Y1XuTkUAAAAJ,0000-0003-1486-0688
Florian Mueller 0001,Monash University,https://research.monash.edu/en/persons/floyd-mueller,DUrytgkAAAAJ,0000-0001-6472-3476
Florian Mueller 0003,TU Darmstadt,https://flomue.com,slfzfQIAAAAJ,0000-0000-0000-0000
Florian Müller 0001,Monash University,https://research.monash.edu/en/persons/floyd-mueller,DUrytgkAAAAJ,0000-0000-0000-0000
Florian Müller 0003,TU Darmstadt,https://flomue.com,slfzfQIAAAAJ,0000-0002-9621-6214
Florian Schaub,University of Michigan,https://www.si.umich.edu/people/florian-schaub,zg29qGEAAAAJ,0000-0003-1039-7155
Florian Schäfer 0001,New York University,https://f-t-s.github.io,8piLNEUAAAAJ,0000-0002-4891-0172
Florian Shkurti,University of Toronto,http://www.cs.toronto.edu/~florian,BDmtLHsAAAAJ,0000-0000-0000-0000
Florian Speelman,University of Amsterdam,https://www.uva.nl/en/profile/s/p/f.speelman/f.speelman.html,hX_ToHkAAAAJ,0000-0003-3792-9908
Florian T. Schäfer,New York University,https://f-t-s.github.io,8piLNEUAAAAJ,0000-0000-0000-0000
Florian Tobias Schäfer,New York University,https://f-t-s.github.io,8piLNEUAAAAJ,0000-0000-0000-0000
Florian Tramèr,ETH Zurich,https://floriantramer.com,ijH0-a8AAAAJ,0000-0001-8703-8762
Florian Tschorsch,TU Dresden,https://tu-dresden.de/ing/informatik/sya/ps/chair/tschorsch,NOSCHOLARPAGE,0000-0001-6716-7225
Florian Zuleger,TU Wien,https://forsyte.at/people/zuleger,UckwzkEAAAAJ,0000-0003-1468-8398
Floriana Grasso,University of Liverpool,http://www.csc.liv.ac.uk/~floriana,DZREYocAAAAJ,0000-0001-8419-6554
Florin Ciucu,University of Warwick,https://warwick.ac.uk/fac/sci/dcs/people/florin_ciucu,JxCJneUAAAAJ,0009-0000-7715-6917
Florin Manea,University of Göttingen,http://flmanea.blogspot.com,sNhEpYAAAAAJ,0000-0001-6094-3324
Florin Rusu,Univ. of California - Merced,https://faculty.ucmerced.edu/frusu,8PfpzuEAAAAJ,0000-0002-7018-9043
Florina M. Ciorba,University of Basel,https://dmi.unibas.ch/en/persons/florina-m-ciorba,NOSCHOLARPAGE,0000-0002-2773-4499
Floris Bex,Utrecht University,http://www.florisbex.com,7fibZnIAAAAJ,0000-0000-0000-0000
Floris Ernst,University of Lübeck,https://www.rob.uni-luebeck.de/institut/mitarbeiter/ernst-floris,-ns9KHIAAAAJ,0000-0002-0474-6673
Floris Geerts,University of Antwerp,https://www.uantwerpen.be/en/staff/floris-geerts,SGay8u4AAAAJ,0000-0002-8967-2473
Floris J. Bex,Utrecht University,http://www.florisbex.com,7fibZnIAAAAJ,0000-0000-0000-0000
Floris Jurriaan Bex,Utrecht University,http://www.florisbex.com,7fibZnIAAAAJ,0000-0000-0000-0000
Flávia A. Barros,UFPE,https://www.cin.ufpe.br/~fab,rI17y3QAAAAJ,0000-0000-0000-0000
Flávia de Almeida Barros,UFPE,https://www.cin.ufpe.br/~fab,rI17y3QAAAAJ,0000-0000-0000-0000
Flávio Arthur Oliveira Santos,UFPE,https://portal.cin.ufpe.br/staff/?alias=faos,FBQQQPIAAAAJ,0000-0000-0000-0000
Flávio Keidi Miyazawa,UNICAMP,http://www.ic.unicamp.br/~fkm,YV0kVoIAAAAJ,0000-0002-1067-6421
Flávio Oliveira Silva 0001,UFU,http://www.facom.ufu.br/~flavio,SW_VMq4AAAAJ,0000-0000-0000-0000
Flávio Rech Wagner,UFRGS,http://www.inf.ufrgs.br/~flavio,EUlQ8PkAAAAJ,0000-0000-0000-0000
Flávio S. Corrêa da Silva,USP,http://www.ime.usp.br/~fcs,NOSCHOLARPAGE,0000-0000-0000-0000
Flávio Soares Corrêa da Silva,USP,http://www.ime.usp.br/~fcs,NOSCHOLARPAGE,0000-0000-0000-0000
Flávio de Oliveira Silva 0001,UFU,http://www.facom.ufu.br/~flavio,SW_VMq4AAAAJ,0000-0000-0000-0000
Fnu Suya,University of Tennessee,https://eecs.utk.edu/people/fnu-suya,OmLIG8EAAAAJ,0000-0002-3334-6257
Foad Hamidi,Univ. of Maryland - Baltimore County,http://www.foadhamidi.com,FItnzEoAAAAJ,0000-0003-1991-6062
Fons J. Verbeek,Leiden University,https://liacs.leidenuniv.nl/~verbeekfj,J3RNQesAAAAJ,0000-0000-0000-0000
Forest Agostinelli,University of South Carolina,https://cse.sc.edu/~foresta,R3ru5X8AAAAJ,0000-0003-1392-3667
Forrest J. Laine,Vanderbilt University,https://forrestlaine.github.io,raa7w5YAAAAJ,0000-0000-0000-0000
Forrest Laine,Vanderbilt University,https://4estlaine.github.io,raa7w5YAAAAJ,0000-0003-3982-3920
Forrest Sheng Bao,Iowa State University,https://www.cs.iastate.edu/people/forrest-sheng-bao,XWpFf0IAAAAJ,0000-0000-0000-0000
Foster J. Provost,New York University,https://fosterprovost.com,-Km63D4AAAAJ,0000-0000-0000-0000
Foteini Baldimtsi,George Mason University,http://www.baldimtsi.com,Wrx-9LUAAAAJ,0000-0003-3296-5336
Foteini Paraskeva,University of Piraeus,https://www.ds.unipi.gr/en/faculty/fparaske-en,IeaP7wIAAAAJ,0000-0000-0000-0000
Fotios Spyridonis,Brunel University London,https://www.brunel.ac.uk/people/fotios-spyridonis,XaVPz0MAAAAJ,0000-0003-4253-365X
Fotis Liarokapis,Masaryk University,https://www.muni.cz/en/people/235197,snY7XXkAAAAJ,0000-0003-3617-2261
Fotis Spyridonis,Brunel University London,https://www.brunel.ac.uk/people/fotios-spyridonis,XaVPz0MAAAAJ,0000-0000-0000-0000
Foutse Khomh,Polytechnique Montreal,http://www.khomh.net,YYXb3KIAAAAJ,0000-0002-5704-4173
Fow-Sen Choa,Univ. of Maryland - Baltimore County,http://www.csee.umbc.edu/people/faculty/fow-sen-choa,NOSCHOLARPAGE,0000-0000-0000-0000
Foyzul Hassan,University of Michigan-Dearborn,https://umdearborn.edu/users/foyzul,b9Kw58UAAAAJ,0000-0003-4543-282X
Frada Burstein,Monash University,http://www.sims.monash.edu.au/staff/fb,h2soBioAAAAJ,0000-0001-8258-0878
Fragkiskos Papadopoulos,Cyprus University of Technology,https://www.cut.ac.cy/faculties/fet/eecei/staff/f.papadopoulos/?languageId=1,ib8q0gUAAAAJ,0000-0002-4072-5781
Fran Berman,Rensselaer Polytechnic Institute,http://www.cs.rpi.edu/~bermaf,NOSCHOLARPAGE,0000-0000-0000-0000
Fran Rosamond,University of Bergen,https://www.uib.no/en/persons/Frances.Rosamond,NOSCHOLARPAGE,0000-0000-0000-0000
Franca Garzotto,Politecnico di Milano,http://home.deib.polimi.it/garzotto,P6uIlrAAAAAJ,0000-0003-4905-7166
Franca Hoffmann,California Inst. of Technology,https://francahoffmann.wordpress.com,Vr8aBm4AAAAJ,0000-0002-1182-5521
Frances A. Rosamond,University of Bergen,https://www.uib.no/en/persons/Frances.Rosamond,NOSCHOLARPAGE,0000-0002-5097-9929
Francesca Buffa,Bocconi University,https://cs.unibocconi.eu/people/francesca-buffa,abd1LXcAAAAJ,0000-0003-0409-406X
Francesca Levi,University of Pisa,http://www.di.unipi.it/~levifran,NOSCHOLARPAGE,0000-0000-0000-0000
Francesca Parise,Cornell University,https://www.engineering.cornell.edu/people/francesca-parise,Un7305cAAAAJ,0000-0003-0650-4392
Francesca Saglietti,University of Erlangen–Nuremberg,http://www11.informatik.uni-erlangen.de/index.html,NOSCHOLARPAGE,0000-0000-0000-0000
Francesca Spezzano,Boise State University,https://sites.google.com/view/francescaspezzano,u_5TCGoAAAAJ,0000-0002-0361-9728
Francesca Toni,Imperial College London,http://www.doc.ic.ac.uk/~ft,L9dwO2cAAAAJ,0000-0001-8194-1459
Francesco Amigoni,Politecnico di Milano,http://home.deib.polimi.it/amigoni,qsOtJtsAAAAJ,0000-0001-8146-6213
Francesco Basciani,GSSI,http://www.basciani.it,lZjytHUAAAAJ,0000-0000-0000-0000
Francesco Belardinelli,Imperial College London,https://www.doc.ic.ac.uk/~fbelard,Mr35r1EAAAAJ,0000-0002-7768-1794
Francesco Bronzino,Ecole Normale Superieure de Lyon,https://fbronzino.com,rsG2csgAAAAJ,0000-0003-4447-960X
Francesco Bruschi,Politecnico di Milano,http://home.deib.polimi.it/bruschi,NOSCHOLARPAGE,0000-0000-0000-0000
Francesco Cafaro,IUPUI,https://soic.iupui.edu/people/francesco-cafaro,gvdVQ7gAAAAJ,0000-0001-5744-6386
Francesco Colace,University of Salerno,http://www.unisa.it/docenti/francescocolace/index,zfD1yBUAAAAJ,0000-0000-0000-0000
Francesco De Comité,CRIStAL,https://www.cristal.univ-lille.fr/profil/decomite,NOSCHOLARPAGE,0000-0000-0000-0000
Francesco Falciani,University of Liverpool,https://liverpool.ac.uk/integrative-biology/staff/francesco-falciani,NdoIAMcAAAAJ,0000-0000-0000-0000
Francesco G. B. De Natale,University of Trento,http://disi.unitn.it/~denatale,Js5-wwcAAAAJ,0000-0000-0000-0000
Francesco Guerra,Univ. of Modena and Reggio Emilia,https://personale.unimore.it/rubrica/dettaglio/fguerra,A68h4-8AAAAJ,0000-0000-0000-0000
Francesco J. Orciuoli,University of Salerno,http://www.unisa.it/docenti/francescoorciuoli/en/index,hrsHqX4AAAAJ,0000-0000-0000-0000
Francesco Leotta,Sapienza University of Rome,http://www.diag.uniroma1.it/users/francesco%20leotta,Z216gywAAAAJ,0000-0000-0000-0000
Francesco Locatello,IST Austria,https://ist.ac.at/en/research/locatello-group,wQanfTIAAAAJ,0000-0002-4850-0683
Francesco Maurelli,Jacobs University Bremen,https://www.jacobs-university.de/directory/fmaurelli,t1hnyyAAAAAJ,0000-0002-5265-3666
Francesco Mondada,EPFL,https://people.epfl.ch/francesco.mondada,HdRZK14AAAAJ,0000-0001-8641-8704
Francesco Musumeci 0001,Politecnico di Milano,http://home.deib.polimi.it/musumeci,RsM0KB0AAAAJ,0000-0000-0000-0000
Francesco Orabona,KAUST,http://francesco.orabona.com,g1ha-iYAAAAJ,0000-0001-8523-6845
Francesco Orciuoli,University of Salerno,http://www.unisa.it/docenti/francescoorciuoli/en/index,hrsHqX4AAAAJ,0000-0000-0000-0000
Francesco Palmieri 0002,University of Salerno,http://www.unisa.it/docenti/francescopalmieri/en/index,Ly2epXgAAAAJ,0000-0000-0000-0000
Francesco Pappalardo 0001,University of Catania,https://www.dsf.unict.it/docenti/francesco.pappalardo,MZ5T15EAAAAJ,0000-0003-1668-3320
Francesco Parisi-Presicce,Sapienza University of Rome,http://wwwusers.di.uniroma1.it/~parisi,BnSDUgwAAAAJ,0000-0000-0000-0000
Francesco Ranzato,University of Padova,https://www.math.unipd.it/~ranzato,NvNaBzEAAAAJ,0000-0003-0159-0068
Francesco Regazzoni 0001,University of Amsterdam,https://cci-research.nl/author/francesco-regazzoni,ERvZONQAAAAJ,0000-0001-6385-0780
Francesco Romani,University of Pisa,http://www.di.unipi.it/~romani,NOSCHOLARPAGE,0000-0001-8890-4490
Francesco Tortorella,University of Salerno,https://docenti.unisa.it/041789/home,-oi4h0QAAAAJ,0000-0000-0000-0000
Francesco Trovò,Politecnico di Milano,https://trovo.faculty.polimi.it,8YH4RE4AAAAJ,0000-0000-0000-0000
Francine Berman,Rensselaer Polytechnic Institute,http://www.cs.rpi.edu/~bermaf,NOSCHOLARPAGE,0000-0001-8505-1752
Francis Bach,Ecole Normale Superieure,http://www.di.ens.fr/~fbach,6PJWcFEAAAAJ,0000-0000-0000-0000
Francis Bu-Sung Lee,Nanyang Technological University,http://research.ntu.edu.sg/expertise/academicprofile/Pages/StaffProfile.aspx?ST_EMAILID=ebslee,TyytTfQAAAAJ,0000-0000-0000-0000
Francis C. M. Lau 0001,University of Hong Kong,https://i.cs.hku.hk/~fcmlau,FmneJesAAAAJ,0000-0000-0000-0000
Francis Chi-Moon Lau,University of Hong Kong,https://i.cs.hku.hk/~fcmlau,FmneJesAAAAJ,0000-0000-0000-0000
Francis Engelmann,Università della Svizzera italiana,https://search.usi.ch/en/people/914974e3761c51b476482cb5c108f547/engelmann-francis,-xOsXi8AAAAJ,0000-0001-5745-2137
Francis Ferraro,Univ. of Maryland - Baltimore County,https://www.csee.umbc.edu/~ferraro,UB5EoOEAAAAJ,0000-0003-2413-9368
Francis K. H. Quek,Texas A&M University,http://viz.arch.tamu.edu/people/profiles/quek,pPUjlKwAAAAJ,0000-0000-0000-0000
Francis L. Merat,Case Western Reserve University,http://engr.case.edu/merat_francis/flm/home.html,NOSCHOLARPAGE,0000-0000-0000-0000
Francis R. Bach,Ecole Normale Superieure,http://www.di.ens.fr/~fbach,6PJWcFEAAAAJ,0000-0000-0000-0000
Francis Y. L. Chin,University of Hong Kong,https://i.cs.hku.hk/~chin,S3EaJmQAAAAJ,0000-0000-0000-0000
Francis Yuk-Lun Chin,University of Hong Kong,https://i.cs.hku.hk/~chin,S3EaJmQAAAAJ,0000-0000-0000-0000
Francisco Bellas,University of A Coruña,https://pdi.udc.es/en/File/Pdi/2U29E,k3xf9qMAAAAJ,0000-0001-6043-1468
Francisco Bellas-Bouza,University of A Coruña,https://pdi.udc.es/en/File/Pdi/2U29E,k3xf9qMAAAAJ,0000-0000-0000-0000
Francisco C. Santos,Universidade de Lisboa,http://web.ist.utl.pt/franciscocsantos,Kp5fFpYAAAAJ,0000-0002-9103-2862
Francisco Cedrón,University of A Coruña,https://pdi.udc.es/en/File/Pdi/XY7AF,NOSCHOLARPAGE,0000-0000-0000-0000
Francisco Ferreira 0001,Royal Holloway Univ. of London,https://pure.royalholloway.ac.uk/en/persons/francisco-ferreira-ruiz,NOSCHOLARPAGE,0000-0001-8494-7696
Francisco Ferreira Ruiz,Royal Holloway Univ. of London,https://pure.royalholloway.ac.uk/en/persons/francisco-ferreira-ruiz,NOSCHOLARPAGE,0000-0000-0000-0000
Francisco G. Oliveira Neto,Chalmers/GU,https://www.chalmers.se/en/staff/Pages/gomesf.aspx,RDgaTXMAAAAJ,0000-0000-0000-0000
Francisco García-Sánchez 0001,University of Murcia,http://webs.um.es/frgarcia,ZKFL__kAAAAJ,0000-0000-0000-0000
Francisco Gomes 0001,Chalmers/GU,https://www.chalmers.se/en/staff/Pages/gomesf.aspx,RDgaTXMAAAAJ,0000-0000-0000-0000
Francisco Gomes de Oliveira Neto,Chalmers/GU,https://www.chalmers.se/en/staff/Pages/gomesf.aspx,RDgaTXMAAAAJ,0000-0001-9226-5417
Francisco J. Mitropoulos,Nova Southeastern University,https://cec.nova.edu/faculty/mitropoulos.html,NOSCHOLARPAGE,0000-0000-0000-0000
Francisco J. Soulignac,University of Buenos Aires,http://www-2.dc.uba.ar/profesores/lin/docs/cv/cv_oscar.htm,NOSCHOLARPAGE,0000-0000-0000-0000
Francisco J. Valero Cuevas,University of Southern California,https://valerolab.org,nq85o3QAAAAJ,0000-0000-0000-0000
Francisco Javier Nóvoa,University of A Coruña,https://pdi.udc.es/en/File/Pdi/HB9HJ,YZbHA_EAAAAJ,0000-0003-3629-8120
Francisco José Monaco,USP-ICMC,http://icmc.usp.br/pessoas?id=1678183,EXey2yQAAAAJ,0000-0000-0000-0000
Francisco M. Couto,Universidade de Lisboa,https://ciencias.ulisboa.pt/perfil/fjcouto,9_78rfMAAAAJ,0000-0003-0627-1496
Francisco Martins,Universidade de Lisboa,https://ciencias.ulisboa.pt/perfil/fcmartins,lUc2k74AAAAJ,0000-0000-0000-0000
Francisco R. Ortega 0001,Colorado State University,https://nuilab.org,AuBa0OAAAAAJ,0000-0002-2449-3802
Francisco Raul Ortega,Colorado State University,https://nuilab.org,AuBa0OAAAAAJ,0000-0000-0000-0000
Francisco S. Melo,Universidade de Lisboa,http://orcid.org/0000-0001-5705-7372,5AEeWU4AAAAJ,0000-0001-5705-7372
Francisco Sepulveda,University of Essex,https://www.essex.ac.uk/people/sepul39500/francisco-sepulveda,cBvX0d8AAAAJ,0000-0001-8853-3319
Francisco Servant,Virginia Tech,http://people.cs.vt.edu/fservant,6F5tt2sAAAAJ,0000-0002-6493-9389
Francisco Simões,UFPE,https://franciscosimoes.github.io,Th2uQr8AAAAJ,0000-0000-0000-0000
Francisco de A. T. de Carvalho,UFPE,https://www.cin.ufpe.br/~fatc,7t7NjEUAAAAJ,0000-0003-1128-745X
Francisco de Assis Tenório de Carvalho,UFPE,https://www.cin.ufpe.br/~fatc,7t7NjEUAAAAJ,0000-0000-0000-0000
Franck Leprévost,University of Luxembourg,http://wwwen.uni.lu/snt/people/franck_leprevost,NOSCHOLARPAGE,0000-0000-0000-0000
Franck van Breugel,York University,http://eecs.lassonde.yorku.ca/faculty/franck-van-breugel,NOSCHOLARPAGE,0000-0000-0000-0000
Franco Barbanera,University of Catania,https://www.dmi.unict.it/barba,NOSCHOLARPAGE,0000-0002-8039-1085
Franco Frattolillo,University of Sannio,https://www.unisannio.it/en/users/franco-frattolillo,x7TNVskAAAAJ,0000-0001-9222-0876
Franco M. Luque,Universidad Nacional de Córdoba,https://cs.famaf.unc.edu.ar/~francolq,edh9Nv4AAAAJ,0000-0000-0000-0000
Franco Martín Luque,Universidad Nacional de Córdoba,https://cs.famaf.unc.edu.ar/~francolq,edh9Nv4AAAAJ,0000-0000-0000-0000
Franco Raimondi,Middlesex University,http://www.rmnd.net,Vt5JjM8AAAAJ,0000-0002-9508-7713
Franco Turini,University of Pisa,http://www.di.unipi.it/~turini,OkDNfQ0AAAAJ,0000-0001-6789-5476
Franco Zambonelli,Univ. of Modena and Reggio Emilia,https://personale.unimore.it/rubrica/dettaglio/zambonelli,zxulxcoAAAAJ,0000-0000-0000-0000
Francois Berenger,Ecole Normale Superieure,http://www.di.ens.fr/AntiqueTeam.html.fr,YnLcI2gAAAAJ,0000-0003-1377-944X
Frank A. Drews,Ohio University,https://www.ohio.edu/engineering/about/people/profiles.cfm?profile=drews,NOSCHOLARPAGE,0000-0000-0000-0000
Frank Alexander Kraemer,NTNU,https://www.ntnu.edu/employees/kraemer,POJXUcgAAAAJ,0000-0002-8657-5379
Frank Allgöwer,University of Stuttgart,https://www.ist.uni-stuttgart.de/de/institut/team/Allgoewer-00002,WQYw3oIAAAAJ,0000-0002-3702-3658
Frank Bellosa,Karlsruhe Inst. of Technology,https://os.itec.kit.edu/deutsch/mitarbeiter_31.php,vC8w64wAAAAJ,0000-0002-0806-3191
Frank Broz,TU Delft,https://www.tudelft.nl/ewi/over-de-faculteit/afdelingen/intelligent-systems/interactive-intelligence/people/current-group-members/frank-broz,XkU-Jo8AAAAJ,0000-0000-0000-0000
Frank C. Langbein,Cardiff University,https://www.cardiff.ac.uk/people/view/118140-langbein-frank,33a3FZ8AAAAJ,0000-0002-3379-0323
Frank C. Park 0001,Seoul National University,https://sites.google.com/robotics.snu.ac.kr/fcp/people,u-h3PJIAAAAJ,0000-0000-0000-0000
Frank D. Wood,University of British Columbia,https://www.cs.ubc.ca/~fwood,d4yNzXIAAAAJ,0000-0000-0000-0000
Frank Dehne,Carleton University,https://carleton.ca/scs/people/frank-dehne,nHJDhwoAAAAJ,0000-0000-0000-0000
Frank Deinzer,THWS,https://fiw.thws.de/fakultaet/personen/dozentinnen-und-dozenten/person/prof-dr-frank-deinzer,rE5pshwAAAAJ,0000-0000-0000-0000
Frank Drews,Ohio University,https://www.ohio.edu/engineering/about/people/profiles.cfm?profile=drews,NOSCHOLARPAGE,0000-0003-4263-4602
Frank Emmert-Streib,Tampere University,https://researchportal.tuni.fi/en/persons/frank-emmert-streib,uS90L5IAAAAJ,0000-0003-0745-5641
Frank Ferraro,Univ. of Maryland - Baltimore County,https://www.csee.umbc.edu/~ferraro,UB5EoOEAAAAJ,0000-0000-0000-0000
Frank Guerin,University of Surrey,https://www.surrey.ac.uk/people/frank-guerin,OK8EYAoAAAAJ,0000-0003-1918-6311
Frank Gurski,University of Düsseldorf,https://www.cs.hhu.de/lehrstuehle-und-arbeitsgruppen/algorithmen-fuer-schwere-probleme-pd-dr-frank-gurski/unser-team.html,MGeSxLAAAAAJ,0000-0002-1212-1796
Frank H. Collins,University of Notre Dame,http://biology.nd.edu/people/frank-h-collins,I5SCVa0AAAAJ,0000-0000-0000-0000
Frank H. Li,Georgia Institute of Technology,https://frankli.ece.gatech.edu,Iv7K07UAAAAJ,0000-0000-0000-0000
Frank H. P. Fitzek,TU Dresden,https://cn.ifn.et.tu-dresden.de/chair/staff/fitzek,Qz4ZDVwAAAAJ,0000-0001-8469-9573
Frank Hutter,University of Freiburg,https://ml.informatik.uni-freiburg.de/people/hutter/index.html,YUrxwrkAAAAJ,0000-0000-0000-0000
Frank K. H. A. Dehne,Carleton University,https://carleton.ca/scs/people/frank-dehne,nHJDhwoAAAAJ,0000-0000-0000-0000
Frank Kappe,Graz University of Technology,https://www.tugraz.at/institutes/isds/home,OGG4eAUAAAAJ,0000-0000-0000-0000
Frank Kargl,University of Ulm,https://www.uni-ulm.de/in/vs/inst/team/frank-kargl,CqrRSEYAAAAJ,0000-0000-0000-0000
Frank Keller,University of Edinburgh,http://www.inf.ed.ac.uk/people/staff/Frank_Keller.html,-lbtnAgAAAAJ,0000-0002-8242-4362
Frank Kirchner,University of Bremen,https://robotik.dfki-bremen.de/de/ueber-uns/mitarbeiter/frki01.html,cdsWBrEAAAAJ,0000-0002-1713-9784
Frank Kurth,University of Bonn,https://net.cs.uni-bonn.de/de/wg/audio-signal-processing,oNolQvUAAAAJ,0000-0000-0000-0000
Frank Köster,University of Oldenburg,https://uol.de/its/personen/prof-dr-frank-koester,NOSCHOLARPAGE,0000-0000-0000-0000
Frank L. Merat,Case Western Reserve University,http://engr.case.edu/merat_francis/flm/home.html,NOSCHOLARPAGE,0000-0000-0000-0000
Frank Leymann,University of Stuttgart,https://www.iaas.uni-stuttgart.de/en/institute/team/Leymann,qRnegTsAAAAJ,0000-0002-9123-259X
Frank Li 0001,Georgia Institute of Technology,https://frankli.ece.gatech.edu,Iv7K07UAAAAJ,0000-0003-2242-048X
Frank Lindseth,NTNU,https://www.ntnu.edu/employees/frankl,3nEQftQAAAAJ,0000-0002-4979-9218
Frank M. Shipman III,Texas A&M University,https://people.engr.tamu.edu/shipman/index.html,w0hg2MoAAAAJ,0000-0000-0000-0000
Frank Maurer,University of Calgary,http://www.ucalgary.ca/research/home/office-vice-president-research/about-vpr-team/frank-maurer-associate-vice-president-research,KA76kpYAAAAJ,0000-0002-0240-715X
Frank Mueller 0001,North Carolina State University,http://moss.csc.ncsu.edu/~mueller,1hEE9ZsAAAAJ,0000-0002-0258-0294
Frank Neumann 0001,Adelaide University,https://cs.adelaide.edu.au/~frank,Z5iNnqIAAAAJ,0000-0002-2721-3618
Frank Noé,Freie Universitaet Berlin,https://www.mi.fu-berlin.de/en/math/groups/ai4s/staff/noe/index.html,QGiLc_cAAAAJ,0000-0000-0000-0000
Frank Ortmeier,University of Magdeburg,https://cse.cs.ovgu.de/cse,ef7RYPwAAAAJ,0000-0001-6186-4142
Frank Pfenning,Carnegie Mellon University,http://www.cs.cmu.edu/~fp,ghWKWBUAAAAJ,0000-0002-8279-5817
Frank Piessens,KU Leuven,https://distrinet.cs.kuleuven.be/people/frank,Px63T5YAAAAJ,0000-0001-5438-153X
Frank Puppe,University of Würzburg,http://www.is.informatik.uni-wuerzburg.de/staff/puppe-frank,RU1WQtAAAAAJ,0000-0000-0000-0000
Frank Rudzicz,Dalhousie University,https://web.cs.dal.ca/~rudzicz,elXOB1sAAAAJ,0000-0002-1139-3423
Frank S. de Boer,CWI,http://homepages.cwi.nl/~frb,5EtjjF8AAAAJ,0000-0000-0000-0000
Frank Shipman,Texas A&M University,https://people.engr.tamu.edu/shipman/index.html,w0hg2MoAAAAJ,0009-0007-1469-9835
Frank Slomka,University of Ulm,https://www.uni-ulm.de/in/es/mitarbeiter/prof-dr-frank-slomka,XF3AgJIAAAAJ,0000-0002-7933-6652
Frank Stajano,University of Cambridge,https://www.cl.cam.ac.uk/~fms27,gpmtO_gAAAAJ,0000-0001-9186-6798
Frank Steinicke,University of Hamburg,https://www.inf.uni-hamburg.de/en/inst/ab/hci/people/steinicke.html,bmRsMpUAAAAJ,0000-0001-9879-7414
Frank Stephan 0001,National University of Singapore,https://www.comp.nus.edu.sg/~fstephan,m32l0cMAAAAJ,0000-0001-9152-1706
Frank Thuijsman,Maastricht University,https://dke.maastrichtuniversity.nl/f.thuijsman/site,OxPUGmwAAAAJ,0000-0000-0000-0000
Frank Tip,Northeastern University,http://www.franktip.org,siQDY4gAAAAJ,0000-0002-1862-3498
Frank Vetere,University of Melbourne,http://people.eng.unimelb.edu.au/fv,_30-AxUAAAAJ,0000-0003-3727-9204
Frank W. Takes,Leiden University,https://liacs.leidenuniv.nl/~takesfw,MkwDlKwAAAAJ,0000-0000-0000-0000
Frank Wang,University of Kent,https://www.cs.kent.ac.uk/people/staff/fzw,7kY-804AAAAJ,0000-0000-0000-0000
Frank Weichert,TU Dortmund,https://ls7-www.cs.tu-dortmund.de/cms/de/weichert,NOSCHOLARPAGE,0000-0000-0000-0000
Frank Wolter,University of Liverpool,http://www.csc.liv.ac.uk/~frank,A6cSqMUAAAAJ,0000-0002-4470-606X
Frank Wood,University of British Columbia,https://www.cs.ubc.ca/~fwood,d4yNzXIAAAAJ,0000-0000-0000-0000
Frank Y. Shih,NJIT,https://web.njit.edu/~shih,uXEp3MIAAAAJ,0000-0000-0000-0000
Frank Yeong-Chyang Shih,NJIT,https://web.njit.edu/~shih,uXEp3MIAAAAJ,0000-0000-0000-0000
Frank Z. Wang,University of Kent,https://www.cs.kent.ac.uk/people/staff/fzw,7kY-804AAAAJ,0000-0000-0000-0000
Frank Zhigang Wang,University of Kent,https://www.cs.kent.ac.uk/people/staff/fzw,7kY-804AAAAJ,0000-0000-0000-0000
Frank van Graas,Ohio University,https://www.ohio.edu/engineering/about/people/profiles.cfm?profile=vangraas,NOSCHOLARPAGE,0000-0000-0000-0000
Frank van Harmelen,VU Amsterdam,http://www.cs.vu.nl/~frankh,LCyfDi8AAAAJ,0000-0002-7913-0048
Frank-Michael Schleif,THWS,https://fiw.thws.de/fakultaet/personen/dozentinnen-und-dozenten/person/prof-dr-frank-michael-schleif,9c7_EQ8AAAAJ,0000-0002-7539-1283
Franklin Bristow,University of Manitoba,http://www.cs.umanitoba.ca/~fbristow,NOSCHOLARPAGE,0000-0000-0000-0000
Franklin L. Marquezino,UFRJ,http://www.cos.ufrj.br/~franklin,KeEgCSsAAAAJ,0000-0000-0000-0000
Franklin de Lima Marquezino,UFRJ,http://www.cos.ufrj.br/~franklin,KeEgCSsAAAAJ,0000-0000-0000-0000
Frans A. Oliehoek,TU Delft,https://www.fransoliehoek.net/wp,rSNBJJIAAAAJ,0000-0003-4372-5055
Frans Adriaan Oliehoek,TU Delft,https://www.fransoliehoek.net/wp,rSNBJJIAAAAJ,0000-0000-0000-0000
Frans Coenen,University of Liverpool,http://www.csc.liv.ac.uk/~frans,phOEYbQAAAAJ,0000-0003-1026-6649
Frans Wiering,Utrecht University,https://www.uu.nl/medewerkers/FWiering,TN3yLrkAAAAJ,0000-0002-2984-8932
Frantisek Plásil,Charles University,https://d3s.mff.cuni.cz/people/frantisekplasil,QqFofxMAAAAJ,0000-0003-1910-8989
Franya Franek,McMaster University,http://www.cas.mcmaster.ca/~franek,NOSCHOLARPAGE,0000-0000-0000-0000
Franz Aurenhammer,Graz University of Technology,https://www.tugraz.at/institute/igi/team/prof-aurenhammer,9F2RaXkAAAAJ,0000-0000-0000-0000
Franz Baader,TU Dresden,https://lat.inf.tu-dresden.de/~baader,dIVc_FYAAAAJ,0000-0002-4049-221X
Franz J. Hauck,University of Ulm,https://www.uni-ulm.de/in/vs/inst/team/franz-hauck,zV3HdFQAAAAJ,0000-0000-0000-0000
Franz Johannes Hauck,University of Ulm,https://www.uni-ulm.de/in/vs/inst/team/franz-hauck,zV3HdFQAAAAJ,0000-0000-0000-0000
Franz Leberl,Graz University of Technology,http://www.leberl.info,-s4b1XAAAAAJ,0000-0000-0000-0000
Franz Puntigam,TU Wien,http://www.complang.tuwien.ac.at/franz,NOSCHOLARPAGE,0000-0000-0000-0000
Franz W. Leberl,Graz University of Technology,http://www.leberl.info,-s4b1XAAAAAJ,0000-0000-0000-0000
Franz Wotawa,Graz University of Technology,http://www.ist.tugraz.at/staff/wotawa,Z27gH2wAAAAJ,0000-0002-0462-2283
Franziska Boehm,Karlsruhe Inst. of Technology,https://www.zar.kit.edu/492.php?ID=237,NOSCHOLARPAGE,0000-0000-0000-0000
Franziska Boenisch,CISPA Helmholtz Center,https://franziska-boenisch.de,jKY0y8gAAAAJ,0000-0002-2111-2234
Franziska Matthäus,Goethe University Frankfurt,https://www.fias.science/en/fellows/detail/matthaeus-franziska,9F2kmU4AAAAJ,0000-0001-6042-1366
Franziska Roesner,University of Washington,http://www.franziroesner.com,q5GIWC0AAAAJ,0000-0001-8735-4810
Franziskus Gerhard Puppe,University of Würzburg,http://www.is.informatik.uni-wuerzburg.de/staff/puppe-frank,RU1WQtAAAAAJ,0000-0000-0000-0000
François Baccelli,Ecole Normale Superieure,http://www.di.ens.fr/~baccelli,NOSCHOLARPAGE,0000-0000-0000-0000
François Bernard Lauze,University of Copenhagen,http://image.diku.dk/francois,nssvQ-UAAAAJ,0000-0003-2503-6475
François Boulier,CRIStAL,http://cristal.univ-lille.fr/~boulier/pmwiki/pmwiki.php,pzwDiKgAAAAJ,0000-0000-0000-0000
François Bry,LMU Munich,https://www.pms.ifi.lmu.de/mitarbeiter/derzeitige/francois-bry,uERnzWQAAAAJ,0000-0002-0532-6005
François Bry-Haußer,LMU Munich,https://www.pms.ifi.lmu.de/mitarbeiter/derzeitige/francois-bry,uERnzWQAAAAJ,0000-0000-0000-0000
François Chadebecq,Middlesex University,https://www.mdx.ac.uk/about-us/our-people/staff-directory/profile/chadebecq-francois,peUbh44AAAAJ,0000-0002-1912-7568
François Dupressoir,University of Bristol,https://fdupress.net,gxFJ_bYAAAAJ,0000-0003-3497-3110
François Fleuret,EPFL,https://people.epfl.ch/francois.fleuret,Bj1tRlsAAAAJ,0000-0000-0000-0000
François Guibault,Polytechnique Montreal,https://www.polymtl.ca/expertises/en/guibault-francois,KF8zbPUAAAAJ,0000-0000-0000-0000
François Guimbretière,Cornell University,https://www.cs.cornell.edu/~francois,PxZT1sgAAAAJ,0000-0002-5510-6799
François Gygi,Univ. of California - Davis,http://faculty.engineering.ucdavis.edu/gygi,NOSCHOLARPAGE,0000-0000-0000-0000
François Jacquenet,Université Jean Monnet,http://perso.univ-st-etienne.fr/jacquene,HPhooYQAAAAJ,0000-0000-0000-0000
François Lauze,University of Copenhagen,http://image.diku.dk/francois,nssvQ-UAAAAJ,0000-0003-2503-6475
François Lemaire,CRIStAL,https://www.cristal.univ-lille.fr/profil/francois.lemaire,NOSCHOLARPAGE,0000-0000-0000-0000
François Major,University of Montreal,http://www.iro.umontreal.ca/~major,NOSCHOLARPAGE,0000-0003-1743-0480
François Pitt,University of Toronto,http://www.cs.toronto.edu/~fpitt,DnZw9asAAAAJ,0000-0000-0000-0000
François Pomerleau,Université Laval,https://norlab.ulaval.ca/people/f_pomerleau_fr,FJ9IqNoAAAAJ,0000-0003-1288-2744
François Pottier,INRIA,https://cambium.inria.fr/~fpottier,7R6jcZ0AAAAJ,0000-0002-4069-1235
François Rivest,Royal Military College of Canada,https://www.rmc-cmr.ca/en/mathematics-and-computer-science/dr-francois-rivest,lb1fNb0AAAAJ,0000-0000-0000-0000
François Schwarzentruber,Ecole Normale Superieure de Rennes,http://people.irisa.fr/Francois.Schwarzentruber,EPuq4M8AAAAJ,0000-0002-1228-4333
Fraser Brown,Carnegie Mellon University,https://mlfbrown.com,R_hO1TEAAAAJ,0009-0006-6601-7317
Frazer K. Noble,Massey University,http://www.massey.ac.nz/massey/expertise/profile.cfm?stref=803250,NOSCHOLARPAGE,0000-0003-4415-9403
Fred A. Hamprecht,Heidelberg University,https://hci.iwr.uni-heidelberg.de/people/fhamprec,lO62bt0AAAAJ,0000-0000-0000-0000
Fred B. Schneider,Cornell University,https://www.cs.cornell.edu/fbs,sxjynOsAAAAJ,0000-0000-0000-0000
Fred Chong,University of Chicago,http://people.cs.uchicago.edu/~ftchong,U6OVPVMAAAAJ,0000-0001-9282-4645
Fred Cummins,University College Dublin,https://people.ucd.ie/fred.cummins,E-vg2zQAAAAJ,0000-0000-0000-0000
Fred Freitas,UFPE,https://www.cin.ufpe.br/~fred,bp0hZ8QAAAAJ,0000-0000-0000-0000
Fred G. Martin,University of Texas at San Antonio,https://sciences.utsa.edu/faculty/profiles/martin-fred.html,rqpdaP0AAAAJ,0000-0003-2723-5611
Fred Godtliebsen,UiT The Arctic Univ. of Norway,https://uit.no/ansatte/fred.godtliebsen,w_MiJVMAAAAJ,0000-0001-7896-8634
Fred H. Hamker,TU Chemnitz,https://www.tu-chemnitz.de/informatik/KI/fhamker.php,LjZJA1sAAAAJ,0000-0000-0000-0000
Fred Henrik Hamker,TU Chemnitz,https://www.tu-chemnitz.de/informatik/KI/fhamker.php,LjZJA1sAAAAJ,0000-0000-0000-0000
Fred Martin,University of Texas at San Antonio,https://sciences.utsa.edu/faculty/profiles/martin-fred.html,rqpdaP0AAAAJ,0000-0003-2723-5611
Fred Popowich,Simon Fraser University,https://www.sfu.ca/~popowich/public/Home.html,auCVNSUAAAAJ,0000-0002-3403-9718
Fred R. M. Barnes,University of Kent,https://www.cs.kent.ac.uk/~frmb,ajvbY_0AAAAJ,0000-0000-0000-0000
Fred S. Annexstein,University of Cincinnati,https://researchdirectory.uc.edu/p/annexsfs,pOKCwi4AAAAJ,0000-0000-0000-0000
Fred Sala 0001,University of Wisconsin - Madison,https://pages.cs.wisc.edu/~fredsala,9KhIkNkAAAAJ,0000-0000-0000-0000
Fred Wang,University of Tennessee,http://www.eecs.utk.edu/people/faculty/fwang9,Kl1OE9UAAAAJ,0000-0002-2133-9199
Freda Shi,University of Waterloo,https://home.ttic.edu/~freda,jkDd-3QAAAAJ,0009-0009-5697-449X
Freddy M. Bruckstein,Technion,http://www.cs.technion.ac.il/~freddy,P1OaUP8AAAAJ,0000-0000-0000-0000
Frederic Desprez,Ecole Normale Superieure de Lyon,http://www.inria.fr/institut/organisation/adjoints-au-directeur-scientifique/frederic-desprez,9KkV5HAAAAAJ,0000-0000-0000-0000
Frederic F. Leymarie,Goldsmiths University of London,https://www.gold.ac.uk/computing/staff/f-folleymarie,Lahlh-cAAAAJ,0000-0002-3221-8966
Frederic Fol Leymarie,Goldsmiths University of London,https://www.gold.ac.uk/computing/staff/f-folleymarie,Lahlh-cAAAAJ,0000-0002-3221-8966
Frederic Koehler,University of Chicago,https://datascience.uchicago.edu/people/frederic-koehler,Atc5w-4AAAAJ,0000-0001-5220-9680
Frederic Sala,University of Wisconsin - Madison,https://pages.cs.wisc.edu/~fredsala,9KhIkNkAAAAJ,0000-0003-0379-2827
Frederic T. Chong,University of Chicago,http://people.cs.uchicago.edu/~ftchong,U6OVPVMAAAAJ,0000-0001-9282-4645
Frederick C. Harris Jr.,University of Nevada,https://www.cse.unr.edu/~fredh,yhbUkg0AAAAJ,0000-0002-0857-6931
Frederick Chang,Southern Methodist University,https://www.smu.edu/News/2013/fred-chang-announcement-04sept2013/fred-chang-biography,NOSCHOLARPAGE,0000-0000-0000-0000
Frederick Eberhardt,California Inst. of Technology,http://www.its.caltech.edu/~fehardt,NOSCHOLARPAGE,0009-0008-0557-5926
Frederick H. Lochovsky,HKUST,https://www.cse.ust.hk/~fred,eIm7hjkAAAAJ,0000-0001-7470-4172
Frederick P. Roth,University of Toronto,http://llama.mshri.on.ca,a2FJg9wAAAAJ,0000-0002-6628-649X
Frederick R. M. Barnes,University of Kent,https://www.cs.kent.ac.uk/~frmb,ajvbY_0AAAAJ,0000-0000-0000-0000
Frederick T. Sheldon,University of Idaho,http://www.uidaho.edu/engr/departments/cs/our-people/faculty/rick-sheldon,Ekuq7lAAAAAJ,0000-0000-0000-0000
Frederick W. B. Li,Durham University,https://www.dur.ac.uk/computer.science/staff/profile/?id=4509,V9XyRX8AAAAJ,0000-0002-4283-4228
Frederico Luiz Gonçalves de Freitas,UFPE,https://www.cin.ufpe.br/~fred,bp0hZ8QAAAAJ,0000-0000-0000-0000
Frederik Armknecht,University of Mannheim,https://ls.wim.uni-mannheim.de/de/ths/arbeitsgruppe/mitarbeiter/prof-dr-frederik-armknecht,NOSCHOLARPAGE,0009-0003-9935-8095
Frederik J. Zuiderveen Borgesius,Radboud University,https://www.ivir.nl/employee/zuiderveen-borgesius,WbsKG-gAAAAJ,0000-0000-0000-0000
Frederik Mallmann-Trenn,King's College London,https://www.kcl.ac.uk/people/frederik-mallman-trenn,b0VTWqMAAAAJ,0000-0003-0363-8547
Frederik Vercauteren,KU Leuven,https://www.esat.kuleuven.be/cosic/people/frederik-vercauteren,pYTEVIEAAAAJ,0000-0002-7208-9599
Frederike Zufall,Karlsruhe Inst. of Technology,https://www.zar.kit.edu/mitarbeitende_frederike.zufall.php,NOSCHOLARPAGE,0000-0003-4529-1596
Fredrik Dahlqvist,Queen Mary University of London,https://www.seresearch.qmul.ac.uk/cfcs/people/fdahlqvist,qPdD6IkAAAAJ,0000-0003-2555-0490
Fredrik Kilander,KTH Royal Inst. of Technology,https://www.kth.se/profile/fki,NOSCHOLARPAGE,0000-0000-0000-0000
Fredrik Kjolstad,Stanford University,https://fredrikbk.com,bCCxZ28AAAAJ,0000-0002-2267-903X
Fredrik Manne,University of Bergen,http://www.ii.uib.no/~fredrikm,NOSCHOLARPAGE,0000-0000-0000-0000
Fredrik Milani,University of Tartu,http://www.ut.ee/en/fredrik-payman-milani,Whhz1iUAAAAJ,0000-0000-0000-0000
Fredrik Nordvall Forsberg,University of Strathclyde,https://pureportal.strath.ac.uk/en/persons/fredrik-nordvall-forsberg/publications,-0ALlRsAAAAJ,0000-0001-6157-9288
Fredrik P. Milani,University of Tartu,http://www.ut.ee/en/fredrik-payman-milani,Whhz1iUAAAAJ,0000-0000-0000-0000
Freek Wiedijk,Radboud University,http://www.cs.ru.nl/~freek,NOSCHOLARPAGE,0000-0000-0000-0000
Friedel Gerfers,TU Berlin,https://www.msc.tu-berlin.de/menue/team/gerfers/parameter/de,kKlgNRQAAAAJ,0000-0000-0000-0000
Friedemann Mattern,ETH Zurich,https://people.inf.ethz.ch/mattern,rIdxtXsAAAAJ,0000-0003-4373-7822
Friederike Wall,University of Klagenfurt,https://www.aau.at/unternehmensfuehrung/controlling-und-strategische-unternehmensfuehrung/team/wall-friederike,fLXVWaQAAAAJ,0000-0001-8001-8558
Friedhelm Meyer auf der Heide,Paderborn University,https://www.hni.uni-paderborn.de/alg/mitarbeiter/fmadh,qOQCKCIAAAAJ,0000-0000-0000-0000
Friedrich Eisenbrand,EPFL,https://people.epfl.ch/friedrich.eisenbrand,nnifvacAAAAJ,0000-0001-7928-1076
Friedrich Fraundorfer,Graz University of Technology,https://www.tugraz.at/institute/icg/research/team-fraundorfer/people/friedrich-fraundorfer,M0boL5kAAAAJ,0000-0002-5805-8892
Frits W. Vaandrager,Radboud University,http://www.cs.ru.nl/~fvaan,2bkjlMgAAAAJ,0000-0000-0000-0000
Fritz Henglein,University of Copenhagen,http://www.diku.dk/~henglein,FOM81UEAAAAJ,0000-0000-0000-0000
Fritz Kevin Flores,De La Salle University,https://www.dlsu.edu.ph/colleges/ccs/faculty-profile/single/?id=32665778068&command=GETPROFILE,NOSCHOLARPAGE,0000-0000-0000-0000
Froduald Kabanza,Université de Sherbrooke,https://www.usherbrooke.ca/informatique/personnel/corps-professoral/professeurs/froduald-kabanza,h7z0lEoAAAAJ,0009-0007-6205-6447
Frouke Hermens,Tilburg University,https://www.tilburguniversity.edu/webwijs/show/f.hermens.htm,oTRqgI4AAAAJ,0000-0000-0000-0000
Fruzsina Agocs,University of Colorado Boulder,https://www.colorado.edu/cs/fruzsina-agocs,JBg1Oj0AAAAJ,0000-0002-1763-5884
Frédo Durand,Massachusetts Inst. of Technology,http://people.csail.mit.edu/fredo,NJ9c4ygAAAAJ,0000-0001-9919-069X
Frédéric Andrès,National Inst. of Informatics,https://www.nii.ac.jp/en/faculty/digital_content/andres_frederic,K3vTs8sAAAAJ,0000-0000-0000-0000
Frédéric Blanqui,Ecole Normale Superieure de Cachan,http://www.lsv.ens-cachan.fr/People,PHpAzZ8AAAAJ,0000-0000-0000-0000
Frédéric Cuppens,Polytechnique Montreal,https://www.polymtl.ca/expertises/cuppens-frederic,tGYx6i0AAAAJ,0000-0000-0000-0000
Frédéric Desprez,Ecole Normale Superieure de Lyon,http://www.inria.fr/institut/organisation/adjoints-au-directeur-scientifique/frederic-desprez,9KkV5HAAAAAJ,0000-0000-0000-0000
Frédéric Gibou,Univ. of California - Santa Barbara,https://engineering.ucsb.edu/~fgibou,KKUAx0sAAAAJ,0000-0000-0000-0000
Frédéric Hoogstoel,CRIStAL,https://www.cristal.univ-lille.fr/profil/hoogstoe,oYuyBlYAAAAJ,0000-0000-0000-0000
Frédéric Kaplan,EPFL,https://www.epfl.ch/labs/dhlab,pZEf29QAAAAJ,0000-0000-0000-0000
Frédéric Labrosse,Aberystwyth University,https://www.aber.ac.uk/en/cs/staff-profiles/listing/profile/ffl,NOSCHOLARPAGE,0000-0001-6189-1036
Frédéric Loulergue,Northern Arizona University,https://nau.edu/siccs/faculty/frederic-loulergue,T4eOjcAAAAAJ,0000-0001-9301-7829
Frédéric Maire,Queensland Univ. of Technology,https://research.qut.edu.au/qcr/people/frederic-maire,YUzVddsAAAAJ,0000-0000-0000-0000
Frédéric Prost,Ecole Normale Superieure de Lyon,http://perso.ens-lyon.fr/frederic.prost,3ENh1PIAAAAJ,0000-0000-0000-0000
Frédéric Semet,CRIStAL,https://www.cristal.univ-lille.fr/profil/fsemet,6iUyQhMAAAAJ,0000-0000-0000-0000
Frédéric Suter,Ecole Normale Superieure de Lyon,http://www.ens-lyon.fr/annuaire/m-suter-frederic-136989.kjsp?RH=ENS-LYON,taujrLoAAAAJ,0000-0003-1902-1955
Frédérique Laforest,Université Jean Monnet,http://satin-ppl.telecom-st-etienne.fr/flaforest,dlCqLHsAAAAJ,0000-0000-0000-0000
Fu Song,ShanghaiTech University,https://sist.shanghaitech.edu.cn/sist_en/2020/0814/c7582a54913/page.htm,RTTSafIAAAAJ,0000-0002-0581-2679
Fuat Akal,Hacettepe University,http://yunus.hacettepe.edu.tr/~akal,rnq1_mIAAAAJ,0000-0003-2582-4180
Fuchun Guo,University of Wollongong,https://documents.uow.edu.au/~fuchun,nM4s968AAAAJ,0000-0001-6939-7710
Fuchun J. Lin,National Chiao Tung University,http://www.cs.nctu.edu.tw/~fuchun_lin,Pei7LGcAAAAJ,0000-0000-0000-0000
Fuchun Joseph Lin,National Chiao Tung University,http://www.cs.nctu.edu.tw/~fuchun_lin,Pei7LGcAAAAJ,0000-0002-3188-5580
Fuchun Sun 0001,Tsinghua University,http://www.tsinghua.edu.cn/publish/csen/4623/2010/20101224193039440369874/20101224193039440369874_.html,DbviELoAAAAJ,0000-0003-3546-6305
Fuhai Li 0001,Washington University in St. Louis,https://engineering.washu.edu/faculty/Fuhai-Li.html,rVZfU9sAAAAJ,0000-0000-0000-0000
Fuhua (Frank) Cheng,University of Kentucky,http://www.cs.uky.edu/~cheng,NOSCHOLARPAGE,0000-0000-0000-0000
Fuhua Cheng,University of Kentucky,http://www.cs.uky.edu/~cheng,NOSCHOLARPAGE,0000-0000-0000-0000
Fuji Ren,UESTC,https://www.scse.uestc.edu.cn/info/1081/12686.htm,eyLJ0fMAAAAJ,0000-0003-4860-9184
Fuli Feng,USTC,https://fulifeng.github.io,QePM4u8AAAAJ,0000-0002-5828-9842
Fulin Luo,Chongqing University,http://www.cs.cqu.edu.cn/info/1325/6041.htm,TICo9iQAAAAJ,0000-0000-0000-0000
Fumeng Yang,Univ. of Maryland - College Park,https://www.cs.umd.edu/people/fmy,0JofUMQAAAAJ,0000-0002-8401-2580
Fumihide Tanaka,University of Tsukuba,http://fumihide-tanaka.org/lab/en/members.html,NOSCHOLARPAGE,0000-0002-8443-5591
Fumin Shen,UESTC,http://cfm.uestc.edu.cn/~fshen,oqYL6fQAAAAJ,0000-0001-7303-3231
Fumio Kanehiro,University of Tsukuba,https://staff.aist.go.jp/f-kanehiro,VsmhlM8AAAAJ,0000-0002-0277-3467
Fumio Machida,University of Tsukuba,https://www.cs.tsukuba.ac.jp/~machida/en,l6wFyNMAAAAJ,0000-0001-9779-983X
Fumio Okura,Osaka University,http://www-infobiz.ist.osaka-u.ac.jp/user/okura,Qw72w48AAAAJ,0000-0001-7595-1300
Fumio Teraoka,Keio University,https://www.st.keio.ac.jp/en/tprofile/ics/teraoka.html,1e4BgHoAAAAJ,0000-0001-8839-3344
Fumiyasu Komaki,University of Tokyo,http://www.i.u-tokyo.ac.jp/news/focus_e/komaki.shtml,NOSCHOLARPAGE,0000-0001-8371-5092
Funda Ergün,Indiana University,http://homes.soic.indiana.edu/fergun,C3Xc9xIAAAAJ,0000-0000-0000-0000
Fung Yi Ren,HKUST,https://cse.hkust.edu.hk/admin/people/faculty/profile/yrfung,eUae2K0AAAAJ,0000-0000-0000-0000
Fung Yu Young,Chinese University of Hong Kong,http://www.cse.cuhk.edu.hk/~fyyoung,dRpbUkMAAAAJ,0000-0000-0000-0000
Fuqiang Gu,Chongqing University,http://www.cs.cqu.edu.cn/info/1274/5170.htm,dRBfNTkAAAAJ,0000-0002-3408-982X
Fuqing Yang,Peking University,http://www.sei.pku.edu.cn/people/yang,NOSCHOLARPAGE,0000-0000-0000-0000
Furao Shen,Nanjing University,https://cs.nju.edu.cn/rinc/student/qty/index.html,bjSi-dIAAAAJ,0000-0002-7285-326X
Furkan Kiraç,Özyeğin University,http://www.fkirac.net,kdJBxv8AAAAJ,0000-0000-0000-0000
Furong Huang,Univ. of Maryland - College Park,https://www.cs.umd.edu/people/furongh,mRI6AogAAAAJ,0000-0001-5171-145X
Fusang Zhang,Chinese Academy of Sciences,https://people.ucas.edu.cn/~zhangfusang,qBQOXTwAAAAJ,0000-0002-2529-8021
Fusheng Wang 0001,Stony Brook University,https://www.cs.stonybrook.edu/people/faculty/FushengWang,VB6tZFEAAAAJ,0000-0002-9369-9361
Fuxin Li,Oregon State University,http://eecs.oregonstate.edu/people/li-fuxin,snDpfA0AAAAJ,0000-0001-7578-9622
Fuyuki Ishikawa,National Inst. of Informatics,https://www.nii.ac.jp/en/faculty/architecture/ishikawa_fuyuki,v6stGAoAAAAJ,0000-0001-7725-2618
Fuzhen Zhuang,Chinese Academy of Sciences,http://www.intsci.ac.cn/users/zhuangfuzhen/index.htm,klJBYrAAAAAJ,0000-0001-9170-7009
Fábio Luiz Usberti,UNICAMP,http://www.ic.unicamp.br/~fusberti,ELBC6qsAAAAJ,0000-0000-0000-0000
Fábio Protti,UFF,http://www2.ic.uff.br/~fabio,_kEAhAwAAAAJ,0000-0000-0000-0000
Fábio Viduani Martinez,UFMS,https://www.facom.ufms.br/~fhvm,Z1BcD-UAAAAJ,0000-0000-0000-0000
Félix Gómez Mármol,University of Murcia,http://webs.um.es/felixgm,YFwhSEcAAAAJ,0000-0000-0000-0000
Félix J. García 0001,University of Murcia,http://webs.um.es/fgarcia/miwiki/doku.php,WaQfrJ0AAAAJ,0000-0000-0000-0000
Félix J. García Clemente,University of Murcia,http://webs.um.es/fgarcia/miwiki/doku.php,WaQfrJ0AAAAJ,0000-0000-0000-0000
Félix Jesús García Clemente,University of Murcia,http://webs.um.es/fgarcia/miwiki/doku.php,WaQfrJ0AAAAJ,0000-0000-0000-0000
