name,affiliation,homepage,scholarid,orcid
W. Bastiaan Kleijn,Victoria University of Wellington,http://ecs.victoria.ac.nz/Main/BastiaanKleijn,NOSCHOLARPAGE,0000-0002-1973-3920
W. Brent Seales,University of Kentucky,https://www.cs.uky.edu/people/faculty/bseales,NOSCHOLARPAGE,0000-0000-0000-0000
W. Eric Wong,University of Texas at Dallas,http://www.utdallas.edu/~ewong,d9Y04UwAAAAJ,0000-0000-0000-0000
W. J. Hurley,Royal Military College of Canada,https://www.rmc-cmr.ca/en/mathematics-and-computer-science/wj-hurley-bsc-mba-phd-professor,NOSCHOLARPAGE,0000-0000-0000-0000
W. K. Chan 0001,City University of Hong Kong,https://www.cs.cityu.edu.hk/~wkchan,-GAmIvsAAAAJ,0000-0001-7726-6235
W. Keith Edwards,Georgia Institute of Technology,http://www.cc.gatech.edu/~keith,QYqwwwcAAAAJ,0000-0000-0000-0000
W. Randolph Franklin,Rensselaer Polytechnic Institute,https://www.ecse.rpi.edu/Homepages/wrf/pmwiki,YFX36Q8AAAAJ,0000-0000-0000-0000
W. T. Tsai,Arizona State University,https://cidse.engineering.asu.edu/directory/tsai-wei-tek,NOSCHOLARPAGE,0000-0000-0000-0000
Wade Trappe,Rutgers University,https://www.wadetrappe.com,muk0-U4AAAAJ,0000-0000-0000-0000
Wadee Al-Halabi,King Abdulaziz University,http://www.kau.edu.sa/Contacts.aspx?Site_ID=611&Lng=EN&Cont=18367,NOSCHOLARPAGE,0000-0000-0000-0000
Wadee Alhalabi,King Abdulaziz University,http://www.kau.edu.sa/Contacts.aspx?Site_ID=611&Lng=EN&Cont=18367,NOSCHOLARPAGE,0000-0000-0000-0000
Wadee S. Alhalabi,King Abdulaziz University,http://www.kau.edu.sa/Contacts.aspx?Site_ID=611&Lng=EN&Cont=18367,NOSCHOLARPAGE,0000-0000-0000-0000
Wafa Johal,University of Melbourne,https://findanexpert.unimelb.edu.au/profile/892823-wafa-johal,GR9bAl0AAAAJ,0000-0001-9118-0454
Wafaa El-Haweet,King Abdulaziz University,http://www.kau.edu.sa/Content.aspx?Site_ID=61117&lng=EN&cid=60829,NOSCHOLARPAGE,0000-0000-0000-0000
Wagner M. Nunan Zola,UFPR,https://www.inf.ufpr.br/wagner,3FAaX00AAAAJ,0000-0000-0000-0000
Wagner Meira Jr.,UFMG,http://homepages.dcc.ufmg.br/~meira,oad6_oEAAAAJ,0000-0000-0000-0000
Wai Lam Hoo,University of Malaya,https://umexpert.um.edu.my/wlhoo.html,hlPC_FgAAAAJ,0000-0000-0000-0000
Wai-Kei Mak,National Tsing Hua University,http://www.cs.nthu.edu.tw/~wkmak,NOSCHOLARPAGE,0000-0001-5593-4319
Wail Gueaieb,University of Ottawa,http://www.site.uottawa.ca/~wgueaieb,qN4Y3NEAAAAJ,0000-0001-6490-4648
Wail Mardini,JUST,http://www.just.edu.jo/eportfolio/Pages/Default.aspx?email=mardini,tbwv-m0AAAAJ,0000-0000-0000-0000
Wajdi Al Jedaibi,King Abdulaziz University,http://waljedaibi.kau.edu.sa/Default.aspx?Site_ID=0005903&lng=EN,NOSCHOLARPAGE,0000-0000-0000-0000
Wajih Ul Hassan,University of Virginia,https://www.cs.virginia.edu/~hur7wv,09SohzcAAAAJ,0000-0002-5676-6027
Wakaha Ogata,Tokyo Institute of Technology,http://www.security.mot.titech.ac.jp/users/wakaha,NOSCHOLARPAGE,0000-0002-4671-4485
Waldemar Celes 0001,PUC-RIO,http://www.inf.puc-rio.br/~celes,i0ECFCEAAAAJ,0000-0001-7873-3528
Waldemar Celes Filho,PUC-RIO,http://www.inf.puc-rio.br/~celes,i0ECFCEAAAAJ,0000-0000-0000-0000
Waleed Al-Nuaimy,University of Liverpool,https://liverpool.ac.uk/electrical-engineering-and-electronics/staff/waleed-al-nuaimy,jx45EBEAAAAJ,0000-0000-0000-0000
Walid A. Najjar,Univ. of California - Riverside,http://www.cs.ucr.edu/~najjar,H0Y2wgUAAAAJ,0000-0001-6761-6801
Walid G. Aref,Purdue University,https://www.cs.purdue.edu/people/aref,vX45evgAAAAJ,0000-0001-8169-7775
Walid Ibrahim,UAEU,https://www.uaeu.ac.ae/en/cit/profile.shtml?email=walidibrahim@uaeu.ac.ae,N2nrZnMAAAAJ,0000-0003-0102-6950
Walid Maalej,University of Hamburg,https://mast.informatik.uni-hamburg.de/people/walidmaalej,zVlpAfQAAAAJ,0000-0002-6899-4393
Walid Magdy,University of Edinburgh,http://homepages.inf.ed.ac.uk/wmagdy,ACQD8jMAAAAJ,0000-0001-9676-1338
Wallapak Tavanapong,Iowa State University,http://www.cs.iastate.edu/people/wallapak-tavanapong-0,Pnev7hAAAAAJ,0000-0000-0000-0000
Wally Smith,University of Melbourne,https://people.eng.unimelb.edu.au/wsmith,hja_w14AAAAJ,0000-0002-1059-6704
Walon Wei-Chen Chiu,National Chiao Tung University,https://walonchiu.github.io,FiFOBS8AAAAJ,0000-0000-0000-0000
Walter Alexander Pretschner,TU Munich,https://www22.in.tum.de/en/mitarbeiter/pretschner,pBIEpNcAAAAJ,0000-0000-0000-0000
Walter Andrew Rudametkin Ivey,CRIStAL,https://www.cristal.univ-lille.fr/profil/wrudamet,vJQGm9kAAAAJ,0000-0000-0000-0000
Walter Binder,Università della Svizzera italiana,http://www.inf.usi.ch/faculty/binder,g0nBOnMAAAAJ,0000-0002-2477-2182
Walter D. Potter,University of Georgia,http://cobweb.cs.uga.edu/~potter,GDkG3T4AAAAJ,0000-0000-0000-0000
Walter F. Mascarenhas,USP,http://www.ime.usp.br/~walter,AifN5CUAAAAJ,0000-0000-0000-0000
Walter F. Tichy,Karlsruhe Inst. of Technology,https://ps.ipd.kit.edu/176_376.php,23RPQBQAAAAJ,0000-0002-1288-454X
Walter G. Kropatsch,TU Wien,https://www.prip.tuwien.ac.at/people/krw/more/index.php,NOSCHOLARPAGE,0000-0000-0000-0000
Walter Guttmann,University of Canterbury,http://www.cosc.canterbury.ac.nz/walter.guttmann,NOSCHOLARPAGE,0000-0000-0000-0000
Walter J. Scheirer,University of Notre Dame,http://www.wjscheirer.com,dlV-qnUAAAAJ,0000-0001-9649-8074
Walter O. Krawec,University of Connecticut,https://walterkrawec.org,h4W384UAAAAJ,0000-0000-0000-0000
Walter Oberschelp,RWTH Aachen University,https://www.mathematik.rwth-aachen.de/go/id/bkbg/gguid/0x21CDE8D9CE85D51196710000F4B4937D/ikz/11/allou/1/lidx/1,NOSCHOLARPAGE,0000-0000-0000-0000
Walter Quattrociocchi,Sapienza University of Rome,https://sites.google.com/view/walterquattrociocchi,_OCIc6UAAAAJ,0000-0000-0000-0000
Walter Rudametkin,CRIStAL,https://www.cristal.univ-lille.fr/profil/wrudamet,vJQGm9kAAAAJ,0000-0003-2903-7600
Walter Vogler,University of Augsburg,https://www.uni-augsburg.de/de/fakultaet/fai/informatik/prof/swtti/team/walter-vogler,NOSCHOLARPAGE,0000-0000-0000-0000
Walterio W. Mayol,University of Bristol,http://www.cs.bris.ac.uk/~wmayol,wzdFhjUAAAAJ,0000-0001-8973-1931
Walterio W. Mayol-Cuevas,University of Bristol,http://www.cs.bris.ac.uk/~wmayol,wzdFhjUAAAAJ,0000-0001-8973-1931
Walter A. Kosters,Leiden University,https://www.universiteitleiden.nl/en/staffmembers/walter-kosters#tab-2,hmoq6CYAAAAJ,0000-0000-0000-0000
Wamberto Vasconcelos,University of Aberdeen,https://www.abdn.ac.uk/people/w.w.vasconcelos,wAhC4McAAAAJ,0000-0000-0000-0000
Wamberto Weber Miranda Peixoto de Vasconcelos,University of Aberdeen,https://www.abdn.ac.uk/people/w.w.vasconcelos,wAhC4McAAAAJ,0000-0000-0000-0000
Wamberto Weber Vasconcelos,University of Aberdeen,https://www.abdn.ac.uk/people/w.w.vasconcelos,wAhC4McAAAAJ,0000-0001-5090-7581
Wan Choi 0001,Seoul National University,http://wcisl.snu.ac.kr/professor.php,HEddD1cAAAAJ,0000-0000-0000-0000
Wan Du,Univ. of California - Merced,https://faculty.ucmerced.edu/wdu,5AIv8YoAAAAJ,0000-0002-2732-6954
Wan J. Fokkink,VU Amsterdam,http://www.cs.vu.nl/~wanf,WTKJx9EAAAAJ,0000-0001-7443-8978
Wan-Chun Dou,Nanjing University,https://cs.nju.edu.cn/douwanchun,NOSCHOLARPAGE,0000-0000-0000-0000
Wanchun Dou,Nanjing University,https://cs.nju.edu.cn/douwanchun,NOSCHOLARPAGE,0000-0003-4833-2023
Wang Hu,UESTC,https://www.en.scse.uestc.edu.cn/info/1085/1920.htm,NOSCHOLARPAGE,0000-0000-0000-0000
Wang Ping,Nanyang Technological University,http://www3.ntu.edu.sg/home/wangping,uRLYksAAAAAJ,0000-0000-0000-0000
Wang Wei 0250,Nankai University,https://cc.nankai.edu.cn/2021/0323/c13620a549967/page.htm,obVfCgoAAAAJ,0000-0000-0000-0000
Wang Yi 0001,Uppsala University,http://user.it.uu.se/~yi,_ynjrUUAAAAJ,0000-0002-2994-6110
Wang-Chien Lee,Pennsylvania State University,http://www.cse.psu.edu/~wul2,9OdHL5wAAAAJ,0000-0002-8949-489X
Wang-Zhou Dai,Nanjing University,https://daiwz.net,ZbTUqIkAAAAJ,0000-0000-0000-0000
Wangdong Yang,Hunan University,http://csee.hnu.edu.cn/people/yangwangdong,NOSCHOLARPAGE,0000-0003-2681-7898
Wangmeng Zuo,Harbin Institute of Technology,http://homepage.hit.edu.cn/wangmengzuo,rUOpCEYAAAAJ,0000-0002-3330-783X
Wanlei Zhou 0001,City University of Macau,https://fds.cityu.edu.mo/en/members/177,ogO059YAAAAJ,0000-0000-0000-0000
Wanli Chang 0001,Hunan University,http://csee.hnu.edu.cn/people/changwanli,OYcT_B4AAAAJ,0000-0002-4053-8898
Wannida Sae-Tang,KMUTNB,https://tggs.kmutnb.ac.th/asst-prof-dr-wannida-sae-tang,6nlcJK8AAAAJ,0000-0000-0000-0000
Wanqing Li 0001,University of Wollongong,https://scholars.uow.edu.au/wanqing-li,mZLzsdgAAAAJ,0000-0002-4427-2687
Wanxiang Che,Harbin Institute of Technology,http://ir.hit.edu.cn/~car/english.htm,SVlQ6IEAAAAJ,0000-0002-3907-0335
Wanxin Gao,City University of Macau,https://fds.cityu.edu.mo/en/members/282,m5xMjPMAAAAJ,0000-0000-0000-0000
Wanxu Zhang,Northwest University,https://ist.nwu.edu.cn/info/1017/1478.htm,NOSCHOLARPAGE,0000-0000-0000-0000
Wanyun Cui,SUFE,https://cuiwanyun.github.io,FP7ANisAAAAJ,0000-0000-0000-0000
Warren A. Hunt Jr.,University of Texas at Austin,https://www.cs.utexas.edu/users/hunt,D6fp6_cAAAAJ,0000-0000-0000-0000
Warren Harrison,Portland State University,https://www.pdx.edu/computer-science/warren-harrison,IqqDQZsAAAAJ,0000-0000-0000-0000
Waruna Ranasinghe,Ecole Normale Superieure de Lyon,http://www.ens-lyon.fr/en/english-ens-de-lyon-269761.kjsp,NOSCHOLARPAGE,0000-0000-0000-0000
Warut Suksompong,National University of Singapore,https://www.comp.nus.edu.sg/~warut,Tb1prqkAAAAJ,0000-0001-8973-2539
Waseem Ahmed,King Abdulaziz University,http://cegmr.kau.edu.sa/Content.aspx?Site_ID=117&lng=EN&cid=257602,zzzxD7kAAAAJ,0000-0000-0000-0000
Wasif Afzal,Mälardalen University,https://sites.google.com/site/wasifafzal,QMZSalkAAAAJ,0000-0003-0611-2655
Wasif Naeem,Queen's University Belfast,https://www.qub.ac.uk/schools/eeecs/Connect/Staff/BusinessCard/?name=w.naeem,kivZoRgAAAAJ,0000-0000-0000-0000
Wassim El-Hajj,American University of Beirut,http://staff.aub.edu.lb/~we07,QidtvQgAAAAJ,0000-0000-0000-0000
Wataru Takano,University of Tokyo,http://www.human.jst.go.jp/en/researcher/2ki_06.html,sVVPProAAAAJ,0000-0000-0000-0000
Waylon Brunette,Augusta University,https://www.augusta.edu/faculty/directory/view.php?id=WBRUNETTE,4_sc4XsAAAAJ,0000-0001-8254-9440
Wayne B. Hayes,Univ. of California - Irvine,http://www.cs.toronto.edu/~wayne,3z4VbdIAAAAJ,0000-0002-3310-6042
Wayne D. Gray,Rensselaer Polytechnic Institute,http://www.rpi.edu/~grayw,h8ZzTWsAAAAJ,0000-0002-1704-7433
Wayne Eberly,University of Calgary,http://www.cpsc.ucalgary.ca/~eberly,NOSCHOLARPAGE,0000-0000-0000-0000
Wayne Enright,University of Toronto,http://www.cs.toronto.edu/~enright,80eenyQAAAAJ,0000-0000-0000-0000
Wayne Goddard,Clemson University,https://people.cs.clemson.edu/~goddard,bQYoSuUAAAAJ,0000-0000-0000-0000
Wayne H. Enright,University of Toronto,http://www.cs.toronto.edu/~enright,80eenyQAAAAJ,0000-0000-0000-0000
Wayne Luk,Imperial College London,https://www.doc.ic.ac.uk/~wl,F1JYd9UAAAAJ,0000-0002-6750-927X
Wayne M. Eberly,University of Calgary,http://www.cpsc.ucalgary.ca/~eberly,NOSCHOLARPAGE,0000-0000-0000-0000
Wayne R. Dyksen,Michigan State University,http://www.cse.msu.edu/~dyksen,NOSCHOLARPAGE,0000-0000-0000-0000
Wayne Snyder,Boston University,http://www.cs.bu.edu/~snyder,uT9_8hcAAAAJ,0000-0000-0000-0000
Wayne W. C. Luk,Imperial College London,https://www.doc.ic.ac.uk/~wl,F1JYd9UAAAAJ,0000-0000-0000-0000
Wayne Wobcke,UNSW,http://www.cse.unsw.edu.au/~wobcke,NOSCHOLARPAGE,0000-0000-0000-0000
Wayne Xin Zhao,Renmin University of China,http://playbigdata.ruc.edu.cn/batmanfly,JNhNacoAAAAJ,0000-0002-8333-6196
Webb Colby Miller,Pennsylvania State University,http://bio.psu.edu/directory/wcm2,k9T3V7EAAAAJ,0000-0000-0000-0000
Webb Miller,Pennsylvania State University,http://bio.psu.edu/directory/wcm2,k9T3V7EAAAAJ,0000-0000-0000-0000
Wee Keong Ng,Nanyang Technological University,http://www.ntu.edu.sg/home/awkng,NOSCHOLARPAGE,0000-0001-7106-2768
Wee Kheng Leow,National University of Singapore,https://www.comp.nus.edu.sg/~leowwk,iCaxtDUAAAAJ,0000-0000-0000-0000
Wee Sun Lee,National University of Singapore,https://www.comp.nus.edu.sg/~leews,8PCrLgwAAAAJ,0000-0002-0988-2500
Wee-Keng Leow,National University of Singapore,https://www.comp.nus.edu.sg/~leowwk,iCaxtDUAAAAJ,0000-0000-0000-0000
Wei (Lisa) Li,Georgia State University,https://grid.cs.gsu.edu/~wli28,tHTIu_EAAAAJ,0000-0000-0000-0000
Wei Ai 0002,Univ. of Maryland - College Park,https://aiwei.me,IQGqK3UAAAAJ,0000-0001-6271-9430
Wei Bao 0001,University of Sydney,https://www.sydney.edu.au/engineering/about/our-people/academic-staff/wei-bao.html,HXCgge4AAAAJ,0000-0003-1874-1766
Wei Bian,University of Technology Sydney,https://www.uts.edu.au/staff/wei.bian,G4xj88UAAAAJ,0000-0000-0000-0000
Wei Cai 0002,CUHK (SZ),https://mypage.cuhk.edu.cn/academics/caiwei,r0V3naEAAAAJ,0000-0002-4658-0034
Wei Chen 0001,Zhejiang University,http://www.cad.zju.edu.cn/home/chenwei,EgQyYGUAAAAJ,0000-0002-8365-4741
Wei Chen 0021,Peking University,http://eecs.pku.edu.cn/EN/People/Faculty/Detail/?ID=6006,NOSCHOLARPAGE,0000-0000-0000-0000
Wei Ding 0003,University of Massachusetts Boston,http://www.cs.umb.edu/~ding,eFeqk8EAAAAJ,0000-0002-3383-551X
Wei Dong 0001,Zhejiang University,http://mypage.zju.edu.cn/dongw,NOSCHOLARPAGE,0000-0003-0498-1494
Wei Dong 0011,Nanyang Technological University,https://ntu-dps.com,VrDL3DUAAAAJ,0000-0002-0394-4125
Wei Feng 0005,Tianjin University,https://cic.tju.edu.cn/faculty/fengwei/index.html,7ory1i8AAAAJ,0000-0003-3809-1086
Wei Gao 0001,Singapore Management University,https://www.smu.edu.sg/faculty/profile/164201/Wei-GAO,8uaZwkwAAAAJ,0000-0003-2028-2407
Wei Gao 0008,Nanjing University,http://www.lamda.nju.edu.cn/gaow,NOSCHOLARPAGE,0000-0000-0000-0000
Wei Gong 0001,USTC,http://staff.ustc.edu.cn/~weigong,CtbzNl8AAAAJ,0000-0002-2986-3956
Wei Hu 0003,Peking University,http://www.icst.pku.edu.cn/F/intro/huwei/index.html,5oFf8Q4AAAAJ,0000-0002-9860-0922
Wei Hu 0007,Nanjing University,http://ws.nju.edu.cn/~whu,iWs168sAAAAJ,0000-0003-3635-6335
Wei Hu 0014,University of Michigan,https://weihu.me,ZybgAqkAAAAJ,0000-0000-0000-0000
Wei Ji 0008,Nanjing University,https://jiwei0523.github.io,69OFB-AAAAAJ,0000-0002-8106-9768
Wei Jiang 0016,UESTC,https://www.is.uestc.edu.cn/teachers.do?id=1066,NOSCHOLARPAGE,0000-0001-6181-3900
Wei Jin 0006,University of North Texas,http://www.cse.unt.edu/~weijin,lGOp0dMAAAAJ,0000-0000-0000-0000
Wei Jin 0009,Emory University,https://chandlerbang.github.io,eWow24EAAAAJ,0000-0002-5054-954X
Wei Ju 0001,Sichuan University,https://juweipku.github.io,GX05vA4AAAAJ,0000-0001-9657-951X
Wei Le,Iowa State University,http://www.cs.iastate.edu/~weile,QjFu7LEAAAAJ,0000-0002-6797-0648
Wei Lee Woon,Masdar Institute,https://www.masdar.ac.ae/aboutus/management/faculty-directory/item/5730-wei-lee-woon,cmHsRGoAAAAJ,0000-0000-0000-0000
Wei Li 0012,Fudan University,https://dblp.uni-trier.de/pers/hd/l/Li_0012:Wei,NOSCHOLARPAGE,0000-0000-0000-0000
Wei Li 0022,Beihang University,http://sites.nlsde.buaa.edu.cn/~liwei,NOSCHOLARPAGE,0000-0000-0000-0000
Wei Li 0058,University of Sydney,https://www.sydney.edu.au/engineering/about/our-people/academic-staff/weiwilson-li.html,NOSCHOLARPAGE,0000-0003-4731-3226
Wei Li 0059,Georgia State University,https://grid.cs.gsu.edu/~wli28,tHTIu_EAAAAJ,0000-0002-0370-5183
Wei Li 0112,Shanghai Jiao Tong University,https://lwkobe.github.io/,9q7M_4MAAAAJ,0000-0000-0000-0000
Wei Liu 0006,University of Western Australia,http://www.web.uwa.edu.au/people/wei.liu,KTomENQAAAAJ,0000-0002-7409-0948
Wei Liu 0010,Yangzhou University,https://xxgcxy.yzu.edu.cn/info/1020/4051.htm,NOSCHOLARPAGE,0000-0001-8503-4063
Wei Lou,The Hong Kong Polytechnic Univ.,https://www4.comp.polyu.edu.hk/~csweilou,Le8tsTYAAAAJ,0000-0002-9784-5741
Wei Lu 0001,Sun Yat-sen University,https://cse.sysu.edu.cn/teacher/LuWei,segsUCEAAAAJ,0000-0000-0000-0000
Wei Lu 0011,SUTD,http://statnlp.org,pPInY4UAAAAJ,0000-0003-0827-0382
Wei Lu 0015,Renmin University of China,http://iir.ruc.edu.cn/~luwei,v04EazgAAAAJ,0000-0001-6769-2695
Wei Meng 0001,Chinese University of Hong Kong,https://www.cse.cuhk.edu.hk/~wei,CBLnYLEAAAAJ,0000-0001-8260-3304
Wei Niu 0002,University of Georgia,https://niuwei.info,w1RoaOMAAAAJ,0000-0002-2697-7042
Wei Pan 0004,University of Manchester,https://www.research.manchester.ac.uk/portal/en/researchers/wei-pan(7543834f-4e4d-4596-9038-11ce2d879f9e).html,GqryWPsAAAAJ,0000-0003-1121-9879
Wei Pang 0001,Heriot-Watt University,https://researchportal.hw.ac.uk/en/persons/wei-pang,kfFNe0cAAAAJ,0000-0002-1761-6659
Wei Shen 0002,Shanghai Jiao Tong University,https://shenwei1231.github.io,Ae2kRCEAAAAJ,0000-0002-1235-598X
Wei Song 0001,University of New Brunswick,http://www.cs.unb.ca/~wsong,yMMjPsoAAAAJ,0000-0000-0000-0000
Wei Tang 0016,University of Illinois at Chicago,https://cs.uic.edu/profiles/tang-wei,GTYEV0cAAAAJ,0000-0001-8879-8325
Wei Tsang Ooi,National University of Singapore,http://www.comp.nus.edu.sg/~ooiwt,nFP2ldkAAAAJ,0000-0001-8994-1736
Wei Vivian Li,Univ. of California - Riverside,https://vivianli.org,HzjANkQAAAAJ,0000-0002-2087-2709
Wei Vivian Liu,University of Western Australia,http://www.web.uwa.edu.au/people/wei.liu,KTomENQAAAAJ,0000-0000-0000-0000
Wei Wan,City University of Macau,https://fds.cityu.edu.mo/en/members/454,UU79U-MAAAAJ,0000-0002-1247-5092
Wei Wang 0002,Nanjing University,https://cs.nju.edu.cn/ww,JomuErcAAAAJ,0000-0002-9882-2090
Wei Wang 0009,Fudan University,http://www.cs.fudan.edu.cn/?page_id=2439,NOSCHOLARPAGE,0000-0003-0264-788X
Wei Wang 0010,Univ. of California - Los Angeles,http://www.cs.ucla.edu/~weiwang,UedS9LQAAAAJ,0000-0002-8180-2886
Wei Wang 0011,HKUST,http://home.cse.ust.hk/~weiwcs,wLtu3FYAAAAJ,0000-0002-1568-2396
Wei Wang 0012,Xi'an Jiaotong University,https://weiwangup.github.io,Jy2qSW0AAAAJ,0000-0002-5974-1589
Wei Wang 0028,Nanjing University,http://cs.nju.edu.cn/wangwei,1y6wxQMAAAAJ,0000-0000-0000-0000
Wei Wang 0030,HKUST,https://www.cse.ust.hk/~weiwa,NOSCHOLARPAGE,0000-0002-4585-4152
Wei Wang 0050,Wuhan University,https://metaiot.group/weiwang.html,YkD8hs0AAAAJ,0000-0002-2772-4856
Wei Wang 0054,University of Texas at San Antonio,https://wwang.github.io,vTHyzNoAAAAJ,0000-0003-2262-2508
Wei Wang 0108,Beijing Jiaotong University,https://weiwangtrento.github.io,k4SdlbcAAAAJ,0000-0002-5477-1017
Wei Wang 0190,Texas Tech University,https://www.depts.ttu.edu/cs/faculty/Wei_wang/wei_wang.php,ttiMonwAAAAJ,0000-0003-3240-1485
Wei Wei 0002,HUST,http://faculty.hust.edu.cn/weiw/en/index.htm,NOSCHOLARPAGE,0000-0003-4488-0102
Wei Wei Sun,University of Cambridge,http://www.cl.cam.ac.uk/~ws390,FDtr1fkAAAAJ,0000-0000-0000-0000
Wei Wu 0008,Beihang University,http://scse.buaa.edu.cn/info/1078/2642.htm,NOSCHOLARPAGE,0000-0000-0000-0000
Wei Xi,Xi'an Jiaotong University,https://gr.xjtu.edu.cn/en/web/xiwei,Xt3XP-EAAAAJ,0000-0000-0000-0000
Wei Xing Zheng 0001,Western Sydney University,https://www.westernsydney.edu.au/staff_profiles/WSU/distinguished_professor_wei_xing_zheng,9wBTFEQAAAAJ,0000-0000-0000-0000
Wei Xu 0004,Georgia Institute of Technology,https://cocoxu.github.io,BfOdG-oAAAAJ,0000-0002-7044-3232
Wei Xu 0005,Tsinghua University,http://iiis.tsinghua.edu.cn/~weixu,6jN5vScAAAAJ,0000-0002-9271-0223
Wei Yang 0013,University of Texas at Dallas,https://youngwei.com,CEVHpQUAAAAJ,0000-0002-5338-7347
Wei Ye 0004,Peking University,https://se.pku.edu.cn/kcl/weiye,RgLGFMIAAAAJ,0000-0002-9331-4716
Wei You 0001,Renmin University of China,http://www.youwei.site,tIrmjdoAAAAJ,0000-0003-1009-6627
Wei Yu 0002,Towson University,https://www.towson.edu/fcsm/departments/computerinfosci/facultystaff/wyu.html,jLWO9-0AAAAJ,0000-0003-4522-7340
Wei Zeng 0002,Florida International University,http://cis.fiu.edu/~wzeng,yKYRdd0AAAAJ,0000-0000-0000-0000
Wei Zeng 0004,HKUST,https://zeng-wei.com,kTZhR2EAAAAJ,0000-0002-5600-8824
Wei Zeng 0013,UESTC,https://www.en.scse.uestc.edu.cn/info/1085/2019.htm,E9dhH4wAAAAJ,0000-0000-0000-0000
Wei Zhang 0004,Peking University,http://sei.pku.edu.cn/~zhangw,NOSCHOLARPAGE,0000-0003-1543-0196
Wei Zhang 0016,Fudan University,http://www.cs.fudan.edu.cn/?page_id=2019,NOSCHOLARPAGE,0000-0000-0000-0000
Wei Zhang 0052,University of Connecticut,https://weizhang-gb.github.io,a99cXi8AAAAJ,0000-0000-0000-0000
Wei Zhang 0056,East China Normal University,https://weizhangltt.github.io,DKcduF0AAAAJ,0000-0001-6763-8146
Wei Zhang 0076,University of Central Florida,https://www.cs.ucf.edu/~wzhang,Zcd7W2sAAAAJ,0000-0003-3605-9373
Wei Zhang 0090,Augusta University,https://www.augusta.edu/faculty/directory/view.php?id=WZHANG1,lQQCQSUAAAAJ,0000-0000-0000-0000
Wei Zhang 0173,Shandong University,https://sduzhangwei.github.io,uJ65n8MAAAAJ,0000-0003-2615-2603
Wei Zhao 0001,SUAT,https://csce.suat-sz.edu.cn/info/1008/1026.htm,eHVIFkQAAAAJ,0000-0002-6268-2559
Wei Zhao 0019,Xidian University,https://faculty.xidian.edu.cn/ZW6/zh_CN/index.htm,OyzZmeAAAAAJ,0000-0002-9767-1323
Wei Zhao 0033,University of Aberdeen,https://www.abdn.ac.uk/people/wei.zhao,vQgXoPUAAAAJ,0000-0000-0000-0000
Wei Zhou 0024,Chongqing University,http://www.cse.cqu.edu.cn/info/2096/5097.htm,AfJ0xE4AAAAJ,0000-0000-0000-0000
Wei Zhu 0008,Stony Brook University,http://www.ams.stonybrook.edu/~zhu,9jshr6QAAAAJ,0000-0003-3218-8573
Wei-Chen Chiu,National Chiao Tung University,https://walonchiu.github.io,FiFOBS8AAAAJ,0000-0001-7715-8306
Wei-Cheng Xie 0001,Shenzhen University,http://csse.szu.edu.cn/en/peopleaa2d.html?109452,S2uh8OIAAAAJ,0000-0000-0000-0000
Wei-Chiu Ma,Cornell University,https://www.cs.cornell.edu/~weichiu,SVIdh6AAAAAJ,0000-0002-5610-4322
Wei-Chung Hsu,CUHK (SZ),https://sds.cuhk.edu.cn/en/teacher/1029,X_sk21QAAAAJ,0000-0002-0833-7981
Wei-Kai Lin,University of Virginia,https://weikailin.github.io,UF-wXn0AAAAJ,0000-0001-6012-7124
Wei-Kuan Shih,National Tsing Hua University,https://sites.google.com/site/rtlabnthu/project-definition,NOSCHOLARPAGE,0000-0001-8356-2495
Wei-Long Zheng,Shanghai Jiao Tong University,https://weilongzheng.github.io,MZXXe8UAAAAJ,0000-0000-0000-0000
Wei-Lun Chao,Boston University,https://sites.google.com/view/wei-lun-harry-chao,PGKakWwAAAAJ,0000-0003-1269-7231
Wei-Ming Lu 0001,Zhejiang University,http://mypage.zju.edu.cn/lwm,NOSCHOLARPAGE,0000-0000-0000-0000
Wei-Nan Zhang 0003,Harbin Institute of Technology,http://ir.hit.edu.cn/~wnzhang,DBLdEf4AAAAJ,0000-0000-0000-0000
Wei-Ngan Chin,National University of Singapore,https://www.comp.nus.edu.sg/~chinwn,DO2x-J0AAAAJ,0000-0002-9660-5682
Wei-Qi Wei,Vanderbilt University,https://www.vumc.org/dbmi/person/wei-qi-wei-md-phd-famia,xuw6dakAAAAJ,0000-0000-0000-0000
Wei-Shi Zheng 0001,Sun Yat-sen University,http://www.isee-ai.cn/~zhwshi,AwqDDGoAAAAJ,0000-0001-8327-0003
Wei-Shinn Ku,Auburn University,http://www.eng.auburn.edu/~weishinn,ZQ87sO4AAAAJ,0000-0001-8636-4689
Wei-Ta Chu,National Cheng Kung University,http://www.csie.ncku.edu.tw/ncku_csie/depmember/teacherdetail/id/82,DcltNjQAAAAJ,0000-0001-5722-7239
Wei-Tek Tsai,Arizona State University,https://cidse.engineering.asu.edu/directory/tsai-wei-tek,NOSCHOLARPAGE,0000-0000-0000-0000
Wei-Ying Ma,City University of Hong Kong,https://scholars.cityu.edu.hk/en/persons/weiyma,SToCbu8AAAAJ,0000-0002-7384-0735
Wei-ming Lu 0001,Zhejiang University,http://mypage.zju.edu.cn/lwm,NOSCHOLARPAGE,0000-0000-0000-0000
Weibin Wu 0002,Sun Yat-sen University,http://sse.sysu.edu.cn/teacher/249,6mtEjCEAAAAJ,0000-0002-7262-6219
Weibo Gong,Univ. of Massachusetts Amherst,https://ece.umass.edu/faculty/weibo-gong,NOSCHOLARPAGE,0000-0000-0000-0000
Weichang Du,University of New Brunswick,https://www.cs.unb.ca/~wdu,NOSCHOLARPAGE,0000-0000-0000-0000
Weichao Wang,UNC - Charlotte,https://cci.charlotte.edu/people/weichao-wang,AQeAemYAAAAJ,0000-0000-0000-0000
Weichen Liu,Nanyang Technological University,https://personal.ntu.edu.sg/liu,UozjxW8AAAAJ,0000-0001-9348-4662
Weicheng Ma,Oakland University,https://hikari-nyu.github.io,njnBrb4AAAAJ,0000-0000-0000-0000
Weicheng Xie 0001,Shenzhen University,http://csse.szu.edu.cn/en/peopleaa2d.html?109452,S2uh8OIAAAAJ,0000-0000-0000-0000
Weidan Xiong,Shenzhen University,https://dianaxiong.github.io,xzlA3EwAAAAJ,0000-0001-5490-3676
Weidong Cai 0001,University of Sydney,https://sydney.edu.au/engineering/about/our-people/academic-staff/tom-cai.html,N8qTc2AAAAAJ,0000-0003-3706-8896
Weidong Geng,Zhejiang University,http://mypage.zju.edu.cn/capggeng,NOSCHOLARPAGE,0000-0002-2709-396X
Weidong Liu 0001,Tsinghua University,http://www.tsinghua.edu.cn/publish/csen/4623/2010/20101224001537675975573/20101224001537675975573_.html,c3M0GZwAAAAJ,0000-0000-0000-0000
Weidong Shi,University of Houston,http://www.uh.edu/nsm/computer-science/people/spotlight/spotlights/2014/larry-shi.php,OmPAy2EAAAAJ,0000-0000-0000-0000
Weidong Zhao,Fudan University,http://www.cs.fudan.edu.cn/?page_id=2038,NOSCHOLARPAGE,0000-0000-0000-0000
Weidong Zhu 0002,Florida International University,https://weidong-zhu.github.io,cDV1x5AAAAAJ,0000-0002-9812-6634
Weifa Liang,City University of Hong Kong,https://www.cs.cityu.edu.hk/~weliang,X1aZEfwAAAAJ,0000-0002-8207-6740
Weifeng Lv,Beihang University,http://scse.buaa.edu.cn/info/1078/2658.htm,NOSCHOLARPAGE,0000-0000-0000-0000
Weigang Li 0001,Universidade de Brasília,http://cic.unb.br/~weigang,Sw_i7yQAAAAJ,0000-0000-0000-0000
Weigang Zhang,Harbin Institute of Technology,http://homepage.hit.edu.cn/zhangweigang,4bm5wYUAAAAJ,0000-0003-0042-7074
Weiguo Zheng,Fudan University,https://weiguozheng.github.io/index-en.html,_ZHW2goAAAAJ,0000-0003-1200-7368
Weihang Wang 0001,University of Southern California,https://weihang-wang.github.io,MkPz_FoAAAAJ,0000-0003-1175-4409
Weihong Deng,BUPT,http://www.whdeng.cn,1rhBlUEAAAAJ,0000-0001-5952-6996
Weihong Ren,Harbin Institute of Technology,http://faculty.hitsz.edu.cn/renweihong,yu56w28AAAAJ,0000-0003-3839-0078
Weihua Zhang,Fudan University,http://www.cs.fudan.edu.cn/?page_id=2178###,6Ikypp0AAAAJ,0000-0003-1224-2237
Weijia Jia 0001,Shanghai Jiao Tong University,http://www.cs.sjtu.edu.cn/en/PeopleDetail.aspx?id=293,2_mku2wAAAAJ,0000-0002-0231-3196
Weijie J. Su,University of Pennsylvania,http://www-stat.wharton.upenn.edu/~suw,Uhf4nBkAAAAJ,0000-0000-0000-0000
Weijie Zhao 0001,Rochester Inst. of Technology,https://www.cs.rit.edu/~wjz,c-gzOhwAAAAJ,0000-0003-0967-1436
Weijun Chen,Tsinghua University,https://www.facebook.com/public/WeiJun-Chen?page=5,7MErH44AAAAJ,0000-0000-0000-0000
Weike Pan,Shenzhen University,https://sites.google.com/site/weikep,pC5Q26MAAAAJ,0000-0001-6326-9531
Weikuan Yu,Florida State University,http://www.cs.fsu.edu/~yuw,G5I0JlwAAAAJ,0000-0002-8754-0311
Weile Jia,Chinese Academy of Sciences,https://people.ucas.ac.cn/~jiaweile,Kzi4rW0AAAAJ,0000-0001-8539-8326
Weili Han,Fudan University,http://crypto.fudan.edu.cn/people/weili,n5g_EI0AAAAJ,0000-0001-8663-436X
Weili Wu 0001,University of Texas at Dallas,http://www.utdallas.edu/~weiliwu,Flmif3gAAAAJ,0000-0000-0000-0000
Weiming Feng 0001,University of Hong Kong,https://www.cs.hku.hk/index.php/people/academic-staff/wfeng,uh1-AvwAAAAJ,0000-0000-0000-0000
Weiming Hu,Chinese Academy of Sciences,http://teacher.ucas.ac.cn/~huweiming,Wl4tl4QAAAAJ,0000-0000-0000-0000
Weiming Lu 0001,Zhejiang University,http://mypage.zju.edu.cn/lwm,NOSCHOLARPAGE,0000-0002-0200-9215
Weiming Xiang 0001,Augusta University,https://xiangweiming.github.io,Vm_7JP8AAAAJ,0000-0001-9065-8428
Weiming Zhang 0001,USTC,http://staff.ustc.edu.cn/~zhangwm/#,eTCfl6cAAAAJ,0000-0001-5576-6108
Weina Niu,UESTC,https://www.en.scse.uestc.edu.cn/info/1085/2065.htm,NOSCHOLARPAGE,0000-0000-0000-0000
Weina Wang 0001,Carnegie Mellon University,https://www.cs.cmu.edu/~weinaw,mQnBkmoAAAAJ,0000-0001-6808-0156
Weinan Zhang 0001,Shanghai Jiao Tong University,http://wnzhang.net,Qzss0GEAAAAJ,0000-0002-0127-2425
Weinan Zhang 0003,Harbin Institute of Technology,http://ir.hit.edu.cn/~wnzhang,DBLdEf4AAAAJ,0000-0001-5981-4752
Weining Zhang,University of Texas at San Antonio,http://www.cs.utsa.edu/~wzhang,qmc5whEAAAAJ,0000-0000-0000-0000
Weiping Huang,Peking University,http://www.icst.pku.edu.cn/index.php?s=/Home/Team/lists/szm/H.html,NOSCHOLARPAGE,0000-0000-0000-0000
Weiping Tu,Wuhan University,https://cs.whu.edu.cn/info/1019/2879.htm,fdiX7GIAAAAJ,0000-0000-0000-0000
Weiping Wang 0003,Central South University,https://faculty.csu.edu.cn/wangweiping/zh_CN/index.htm,zszSW_IAAAAJ,0000-0000-0000-0000
Weiqiang Wen,Ecole Normale Superieure de Lyon,http://perso.ens-lyon.fr/weiqiang.wen,NOSCHOLARPAGE,0000-0001-5272-2572
Weiqing Wang 0001,Monash University,https://research.monash.edu/en/persons/teresa-wang,jCziD10AAAAJ,0000-0002-9578-819X
Weiran Huang 0001,Shanghai Jiao Tong University,https://www.weiranhuang.com,AjJ2rf8AAAAJ,0000-0003-1193-6157
Weiran Shen,Renmin University of China,https://www.weiran-shen.info,-lXgERkAAAAJ,0000-0003-4366-9276
Weiran Wang,University of Iowa,https://cs.uiowa.edu/people/weiran-wang,O9djN1AAAAAJ,0000-0000-0000-0000
Weiran Xu,BUPT,https://pris-nlp.github.io/en/author/weiran-xu,iZZfm-8AAAAJ,0000-0002-9416-7666
Weiren Yu,University of Warwick,https://warwick.ac.uk/fac/sci/dcs/people/weiren_yu,KEC9U80AAAAJ,0000-0002-1082-9475
Weisheng Dong,Xidian University,http://see.xidian.edu.cn/faculty/wsdong,g58LsoAAAAJ,0000-0002-9632-985X
Weisheng Si,Western Sydney University,https://www.westernsydney.edu.au/staff_profiles/WSU/doctor_weisheng_si,JWWHbcEAAAAJ,0000-0002-1239-7880
Weishi Shi,University of North Texas,https://computerscience.engineering.unt.edu/people/faculty/weishi-shi,nAPZIPsAAAAJd,0000-0000-0000-0000
Weishi Zheng 0001,Sun Yat-sen University,http://www.isee-ai.cn/~zhwshi,AwqDDGoAAAAJ,0000-0000-0000-0000
Weisi Lin,Nanyang Technological University,https://www3.ntu.edu.sg/home/wslin,D_S41X4AAAAJ,0000-0001-9866-1947
Weisong Shi,University of Delaware,http://weisongshi.org,4rPcoCEAAAAJ,0000-0001-5864-4675
Weitao Xu,City University of Hong Kong,https://www.weitaoxu.com,-RbADtgAAAAJ,0000-0001-9741-5912
Weitong Huang,Tsinghua University,http://www.cs.tsinghua.edu.cn/publish/csen/4623/2010/20101223231615208546402/20101223231615208546402_.html,NOSCHOLARPAGE,0000-0000-0000-0000
Weiwei Liu 0003,Wuhan University,https://sites.google.com/site/weiweiliuhomepage,l6RB1WsAAAAJ,0000-0000-0000-0000
Weiwei Sun 0008,Fudan University,http://www.cs.fudan.edu.cn/?page_id=1923,NOSCHOLARPAGE,0000-0000-0000-0000
Weiwei Xu,Zhejiang University,http://www.cad.zju.edu.cn/home/weiweixu,qRXK__gAAAAJ,0000-0000-0000-0000
Weiwen Jiang,George Mason University,https://www.gmu.edu/profiles/wjiang8,62oDIG4AAAAJ,0000-0002-9004-487X
Weixiong Rao,Tongji University,https://sse.tongji.edu.cn/wrao,7ubWTOMAAAAJ,0000-0000-0000-0000
Weiyan Shi,Northeastern University,https://wyshi.github.io,xj666rUAAAAJ,0000-0003-0850-5831
Weiyang Liu,Chinese University of Hong Kong,https://wyliu.com,DMjROf0AAAAJ,0000-0000-0000-0000
Weiyi Ian Shang,University of Waterloo,https://ece.uwaterloo.ca/~wshang,ZnERyl4AAAAJ,0000-0000-0000-0000
Weiyi Meng,Binghamton University,http://www.cs.binghamton.edu/~meng,C-wDOskAAAAJ,0000-0002-7246-2058
Weiyi Shang,University of Waterloo,https://ece.uwaterloo.ca/~wshang,ZnERyl4AAAAJ,0000-0001-6222-7444
Weiying Dai,Binghamton University,https://www.binghamton.edu/cs/people/wdai.html,r6DIjzUAAAAJ,0000-0000-0000-0000
Weiyu Liu,University of Utah,https://www.weiyuliu.com,PHi0YEQAAAAJ,0000-0002-2113-5612
Weizhan Zhang,Xi'an Jiaotong University,http://gr.xjtu.edu.cn/web/zhangwzh123,Y9oMV_0AAAAJ,0000-0003-0330-5435
Weizhen Mao,College of William and Mary,http://www.cs.wm.edu/~wm,NOSCHOLARPAGE,0000-0000-0000-0000
Weizhi Meng,DTU,https://www.compute.dtu.dk/english,NOSCHOLARPAGE,0000-0000-0000-0000
Weizhong Qian,UESTC,https://www.is.uestc.edu.cn/teachers.do?id=1054,NOSCHOLARPAGE,0000-0000-0000-0000
Weizi Li,University of Tennessee,https://weizi-li.github.io,kuaAAnMAAAAJ,0000-0002-0780-738X
Wen Gao 0001,Peking University,http://idm.pku.edu.cn/wgao,b0vWahYAAAAJ,0000-0001-8894-1806
Wen Hu 0001,UNSW,https://www.engineering.unsw.edu.au/computer-science-engineering/staff/wen-hu,nHE4ylYAAAAJ,0000-0002-4076-1811
Wen Hua,The Hong Kong Polytechnic Univ.,https://sites.google.com/view/whua/home,_UbTxnYAAAAJ,0000-0001-5456-7035
Wen Li 0001,UESTC,https://wenli-vision.github.io,yjG4Eg4AAAAJ,0000-0002-5559-8594
Wen Li 0007,Utah State University,https://www.usu.edu/cs/directory/faculty/li-wen,7jMPJ0EAAAAJ,0000-0003-0194-2115
Wen Sun 0002,Cornell University,https://wensun.github.io,iOLC30YAAAAJ,0000-0000-0000-0000
Wen Xia,Harbin Institute of Technology,https://cswxia.github.io,TRmOudAAAAAJ,0000-0003-4093-6391
Wen Zhang 0015,Zhejiang University,https://person.zju.edu.cn/zhangwen,Ig9ho4kAAAAJ,0000-0001-8429-9326
Wen-Chieh Lin,National Chiao Tung University,http://www.cs.nctu.edu.tw/~wclin,v3l_oYkAAAAJ,0000-0002-9704-5373
Wen-Chih Peng,National Chiao Tung University,https://sites.google.com/site/wcpeng,T5Rs-ngAAAAJ,0000-0002-0172-7311
Wen-Chin Chen,National Taiwan University,http://www.cmlab.csie.ntu.edu.tw/~wcchen,NOSCHOLARPAGE,0000-0000-0000-0000
Wen-Guey Tzeng,National Chiao Tung University,http://www.cs.nctu.edu.tw/~wgtzeng,NOSCHOLARPAGE,0000-0000-0000-0000
Wen-Hsiang Lu,National Cheng Kung University,http://www.csie.ncku.edu.tw/ncku_csie/depmember/teacherdetail/id/22,NOSCHOLARPAGE,0000-0000-0000-0000
Wen-Hsiang Tsai,National Chiao Tung University,http://people.cs.nctu.edu.tw/~whtsai/Welcome.html,a97zfDIAAAAJ,0000-0000-0000-0000
Wen-Hsiao Peng,National Chiao Tung University,http://mapl.nctu.edu.tw,HucsFB4AAAAJ,0000-0002-4421-8031
Wen-Huang Cheng,National Taiwan University,https://www.csie.ntu.edu.tw/~wenhuang,i12lzxgAAAAJ,0000-0002-4662-7875
Wen-Jiin Tsai,National Chiao Tung University,http://www.cs.nctu.edu.tw/~wjtsai,NOSCHOLARPAGE,0000-0000-0000-0000
Wen-Jing Hsu,Nanyang Technological University,http://research.ntu.edu.sg/expertise/academicprofile/Pages/StaffProfile.aspx?ST_EMAILID=hsu,XnHbS6MAAAAJ,0000-0000-0000-0000
Wen-Xin Li,Peking University,http://ai.pku.edu.cn/people/liwenxin.html,NOSCHOLARPAGE,0000-0000-0000-0000
Wen-Yan Daniel Lin,Singapore Management University,https://sis.smu.edu.sg/faculty/profile/161811/Daniel-LIN,cGClKZkAAAAJ,0000-0000-0000-0000
Wen-Yan Lin,Singapore Management University,https://sis.smu.edu.sg/faculty/profile/161811/Daniel-LIN,cGClKZkAAAAJ,0000-0002-1681-6595
Wenbin Hu,Wuhan University,https://cs.whu.edu.cn/info/1019/2886.htm,K3l1qnoAAAAJ,0000-0000-0000-0000
Wenbin Li 0006,Nanjing University,https://liwenbin.cn,K-kC4yYAAAAJ,0000-0002-0935-7124
Wenbin Zhang 0002,Florida International University,https://users.cs.fiu.edu/~wbzhang,M802p54AAAAJ,0000-0003-3024-5415
Wenbing Huang 0001,Renmin University of China,https://gsai.ruc.edu.cn/addons/teacher/index/info.html?user_id=31&ruccode=20220125&ln=en,0yNkmO4AAAAJ,0000-0002-2566-4159
Wenbing Zhao 0001,Cleveland State University,https://academic.csuohio.edu/zhao_w,ijsSRagAAAAJ,0000-0000-0000-0000
Wenbo Guo 0002,Univ. of California - Santa Barbara,https://henrygwb.github.io,KyPheRMAAAAJ,0000-0002-6890-4503
Wenbo He,McMaster University,http://www.cs.mcgill.ca/~wenbohe,cCFzy50AAAAJ,0000-0000-0000-0000
Wenbo Shen,Zhejiang University,https://wenboshen.org,nNDIx9MAAAAJ,0000-0003-2899-6121
Wenchang Shi,Renmin University of China,http://info.ruc.edu.cn/academic_professor.php?teacher_id=63,NOSCHOLARPAGE,0000-0002-5160-1223
Wenchao Jiang,SUTD,https://sites.google.com/site/jiangwenchao88,bve5zI0AAAAJ,0000-0001-6765-2466
Wenchao Li 0001,Boston University,https://www.bu.edu/eng/profile/wenchao-li-ph-d,zwA5eokAAAAJ,0000-0003-0153-4648
Wenda Li,University of Edinburgh,http://www.inf.ed.ac.uk/people/staff/Wenda_Li.html,ufYxQkEAAAAJ,0000-0000-0000-0000
Wendelin Boehmer,TU Delft,https://www.tudelft.nl/ewi/over-de-faculteit/afdelingen/software-technology/algorithmics/people/wendelin-boehmer,wI5MV8IAAAAJ,0000-0000-0000-0000
Wendelin Böhmer,TU Delft,https://www.tudelft.nl/ewi/over-de-faculteit/afdelingen/software-technology/algorithmics/people/wendelin-boehmer,wI5MV8IAAAAJ,0000-0000-0000-0000
Wendi B. Heinzelman,University of Rochester,http://www2.ece.rochester.edu/~wheinzel,myYVVuYAAAAJ,0000-0000-0000-0000
Wendi Beth Heinzelman,University of Rochester,http://www2.ece.rochester.edu/~wheinzel,myYVVuYAAAAJ,0000-0000-0000-0000
Wendi Rabiner,University of Rochester,http://www2.ece.rochester.edu/~wheinzel,myYVVuYAAAAJ,0000-0000-0000-0000
Wendi Rabiner Heinzelman,University of Rochester,http://www2.ece.rochester.edu/~wheinzel,myYVVuYAAAAJ,0000-0002-7541-4086
Wendy Hall 0001,University of Southampton,https://www.ecs.soton.ac.uk/people/wh,9NaDv3oAAAAJ,0000-0003-4327-7811
Wendy Hui Wang,Stevens Institute of Technology,http://www.cs.stevens.edu/~hwang4,3pXvHPUAAAAJ,0000-0002-3913-815X
Wendy Ju [Tech],Cornell University,https://wendyju.com,kjYhZYwAAAAJ,0000-0000-0000-0000
Wendy K. Ivins,Cardiff University,https://www.cardiff.ac.uk/people/view/118135-ivins-wendy,NOSCHOLARPAGE,0000-0000-0000-0000
Wendy K. Tam Cho,Vanderbilt University,https://tam.cas.vanderbilt.edu,NOSCHOLARPAGE,0000-0000-0000-0000
Wendy Moncur,University of Strathclyde,https://pureportal.strath.ac.uk/en/persons/wendy-moncur/publications,YlZFhnsAAAAJ,0000-0002-1485-4723
Wenfei Fan,University of Edinburgh,http://homepages.inf.ed.ac.uk/wenfei,u0S6ofAAAAAJ,0000-0001-5149-2656
Wenfei Wu,Peking University,http://wenfei-wu.github.io,PQsb1ZwAAAAJ,0000-0002-1357-3137
Wenfu Xu,Harbin Institute of Technology,http://faculty.hitsz.edu.cn/xuwenfu,NOSCHOLARPAGE,0000-0000-0000-0000
Weng Cho Chew,Univ. of Illinois at Urbana-Champaign,https://www.ece.illinois.edu/directory/profile/w-chew,wPH1kk0AAAAJ,0000-0000-0000-0000
Weng-Fai Wong,National University of Singapore,https://www.comp.nus.edu.sg/~wongwf,SL1cTsIAAAAJ,0000-0002-4281-2053
Weng-Huang Cheng,National Taiwan University,https://www.csie.ntu.edu.tw/~wenhuang,i12lzxgAAAAJ,0000-0000-0000-0000
Weng-Keen Wong,Oregon State University,http://eecs.oregonstate.edu/people/wong-weng-keen,NOSCHOLARPAGE,0000-0000-0000-0000
Wengang Zhou 0001,USTC,http://staff.ustc.edu.cn/~zhwg,8s1JF8YAAAAJ,0000-0003-1690-9836
Wengfai Wong,National University of Singapore,https://www.comp.nus.edu.sg/~wongwf,SL1cTsIAAAAJ,0000-0000-0000-0000
Wengong Jin,Northeastern University,https://wengong-jin.github.io,IE5D8_QAAAAJ,0000-0002-0555-3056
Wenguang Chen,Tsinghua University,http://www.cs.tsinghua.edu.cn/publish/csen/4623/2010/20101224173045136934573/20101224173045136934573_.html,NOSCHOLARPAGE,0000-0002-4281-1018
Wenhao Luo,University of Illinois at Chicago,https://www.cs.uic.edu/~wenhao,9huOSj4AAAAJ,0000-0000-0000-0000
Wenhong Tian,UESTC,https://www.scholat.com/tianwenhong,d7hKD3IAAAAJ,0000-0000-0000-0000
Wenhu Chen,University of Waterloo,https://wenhuchen.github.io,U8ShbhUAAAAJ,0009-0002-0947-8388
Wenjia Bai,Imperial College London,https://www.doc.ic.ac.uk/~wbai,IA1QFM4AAAAJ,0000-0003-2943-7698
Wenjia Li,New York Tech,https://site.nyit.edu/bio/wli20,DDsDx6UAAAAJ,0000-0001-6059-6422
Wenjian Liu,City University of Macau,https://fds.cityu.edu.mo/en/members/143,Tu6VkO4AAAAJ,0000-0000-0000-0000
Wenjian Yu,Tsinghua University,http://numbda.cs.tsinghua.edu.cn,hGfUQZYAAAAJ,0000-0003-4897-7251
Wenjie Li 0002,The Hong Kong Polytechnic Univ.,http://www4.comp.polyu.edu.hk/~cswjli,Rx5swD4AAAAJ,0000-0002-7360-8864
Wenjie Pei,Harbin Institute of Technology,https://wenjiepei.github.io,wX3avNkAAAAJ,0000-0001-8117-2696
Wenjie Ruan,University of Exeter,https://wenjieruan.com,VTASFGEAAAAJ,0000-0002-8311-8738
Wenjie Wang 0007,USTC,https://wenjiewwj.github.io,Ma5DtmoAAAAJ,0000-0002-5199-1428
Wenjie Zhang 0001,UNSW,http://www.cse.unsw.edu.au/~zhangw,yHTJo1kAAAAJ,0000-0001-6572-2600
Wenjin Zhou,University of Massachusetts Lowell,https://www.uml.edu/FAHSS/Philosophy/faculty/default.aspx,M09EoNMAAAAJ,0000-0000-0000-0000
Wenjing Hong,SUSTech,http://home.ustc.edu.cn/~hongwj,NOSCHOLARPAGE,0000-0000-0000-0000
Wenjing Liao,Georgia Institute of Technology,https://wliao60.math.gatech.edu,cihT3uEAAAAJ,0000-0000-0000-0000
Wenjing Lou,Virginia Tech,http://www.cnsr.ictas.vt.edu/WJLou.html,hM8uAwoAAAAJ,0000-0000-0000-0000
Wenjing Rao,University of Illinois at Chicago,https://www.ece.uic.edu/~wenjing,YcWrqXgAAAAJ,0000-0000-0000-0000
Wenjing Zhang 0002,University of Guelph,https://www.uoguelph.ca/computing/people/wenjing-zhang,6kulkakAAAAJ,0000-0000-0000-0000
Wenjuan Tang,Hunan University,http://csee.hnu.edu.cn/people/tangwenjuan,NOSCHOLARPAGE,0000-0000-0000-0000
Wenjun Hu,Yale University,https://www.eng.yale.edu/wenjun,SvnnEI8AAAAJ,0009-0007-5988-3193
Wenjun Jiang,Hunan University,https://sites.google.com/site/happywenjunjiang2012,y8hIib8AAAAJ,0009-0005-3194-7365
Wenke Lee,Georgia Institute of Technology,http://wenke.gtisc.gatech.edu,nfkH5V4AAAAJ,0000-0000-0000-0000
Wenli Zheng,Shanghai Jiao Tong University,https://www.cs.sjtu.edu.cn/PeopleDetail.aspx?id=371,HHGCAPoAAAAJ,0000-0002-5010-2326
Wenliang Chen,Soochow University,http://hlt.suda.edu.cn/index.php/Wenliang,YfYi8VMAAAAJ,0000-0000-0000-0000
Wenliang Du,Syracuse University,http://www.cis.syr.edu/~wedu,1aMkcasAAAAJ,0000-0000-0000-0000
Wenmin Wang 0001,MUST,https://fie.must.edu.mo/id-1444/person/view/id-536.html,OEbTIHIAAAAJ,0000-0000-0000-0000
Wenpeng Yin 0001,Pennsylvania State University,https://sites.google.com/site/yinwenpeng1987,mRg16LkAAAAJ,0000-0002-3154-1139
Wenpin Jiao,Peking University,http://sei.pku.edu.cn/~jwp,NOSCHOLARPAGE,0000-0000-0000-0000
Wenping Ma 0001,Xidian University,https://web.xidian.edu.cn/wpma/index.html,I1pPv1QAAAAJ,0000-0001-8872-2195
Wenping Wang 0001,Texas A&M University,https://i.cs.hku.hk/~wenping,28shvv0AAAAJ,0000-0002-2284-3952
Wenqi Fan,The Hong Kong Polytechnic Univ.,https://wenqifan03.github.io,SQ9UbHIAAAAJ,0000-0002-4049-1233
Wenqi Jiang 0001,National University of Singapore,https://www.comp.nus.edu.sg/cs/people/jiangwq,0gT0jzkAAAAJ,0000-0003-3895-7943
Wenqian Dong,Oregon State University,https://wdong5.github.io,6qIVck4AAAAJ,0000-0002-8376-6647
Wenqiang Jin,Hunan University,http://csee.hnu.edu.cn/people/jinwenqiang,VLoDl_UAAAAJ,0000-0002-7610-3677
Wenqiang Lei,Sichuan University,https://cs.scu.edu.cn/info/1282/17597.htm,qexdxuEAAAAJ,0000-0001-6540-0601
Wenqing Chen,Sun Yat-sen University,https://chenwq95.github.io,aJs9eskAAAAJ,0000-0002-8739-2216
Wenqing Zhang,Fudan University,http://homepage.fudan.edu.cn/wqzhang/testete,NOSCHOLARPAGE,0000-0000-0000-0000
Wenrui Chen,Hunan University,http://robotics.hnu.edu.cn/info/1071/1163.htm,c3bvnWIAAAAJ,0000-0002-6366-7721
Wenrui Dai,Shanghai Jiao Tong University,https://cs.sjtu.edu.cn/en/PeopleDetail.aspx?id=418,Xg8MhyAAAAAJ,0000-0003-2522-5778
Wensheng Dou,Chinese Academy of Sciences,http://www.tcse.cn/~wsdou,NYHyagEAAAAJ,0000-0002-3323-0449
Wensheng Guo,UESTC,https://www.is.uestc.edu.cn/teachers.do?id=1063,NOSCHOLARPAGE,0000-0000-0000-0000
Wensheng Zhang 0001,Iowa State University,http://www.cs.iastate.edu/~wzhang,VvXgoAYAAAAJ,0000-0000-0000-0000
Wentai Lei,Central South University,https://faculty.csu.edu.cn/leiwentai/zh_CN/index.htm,NOSCHOLARPAGE,0000-0000-0000-0000
Wenting Tu,SUFE,http://simecv.sufe.edu.cn/page.aspx?id=76,2aO4XIMAAAAJ,0000-0000-0000-0000
Wenting Zheng,Carnegie Mellon University,https://wzheng.github.io,OeDgxpgAAAAJ,0009-0006-1061-3419
Wentong Cai 0001,Nanyang Technological University,https://www3.ntu.edu.sg/home/aswtcai,QdmIiyIAAAAJ,0000-0002-0183-3835
Wenwen Dou,UNC - Charlotte,https://webpages.uncc.edu/wdou1,vi_9wEkAAAAJ,0000-0003-0319-9484
Wenwen Wang 0001,University of Georgia,https://cobweb.cs.uga.edu/~wenwen,vsmx0bcAAAAJ,0000-0003-0840-4846
Wenwu Wang 0001,University of Surrey,https://www.surrey.ac.uk/people/wenwu-wang,JQFnV5IAAAAJ,0000-0000-0000-0000
Wenwu Zhu 0001,Tsinghua University,http://media.cs.tsinghua.edu.cn/en/zww,7t2jzpgAAAAJ,0000-0003-2236-9290
Wenxi Wang,University of Virginia,https://wenxiwang.github.io,o23gui0AAAAJ,0000-0000-0000-0000
Wenxin Li 0005,Peking University,http://ai.pku.edu.cn/people/liwenxin.html,NOSCHOLARPAGE,0000-0000-0000-0000
Wenxiu Ma,Univ. of California - Riverside,http://faculty.ucr.edu/~wenxiu,9DcZDnYAAAAJ,0000-0003-4097-1621
Wenxuan Wang 0001,Renmin University of China,https://jarviswang94.github.io,4v5x0bUAAAAJ,0000-0002-9803-8204
Wenxuan Zhang 0001,SUTD,https://www.sutd.edu.sg/profile/zhang-wenxuan,tr7MWA4AAAAJ,0000-0003-1492-4952
Wenya Wang,Nanyang Technological University,https://personal.ntu.edu.sg/wangwy,eOKISncAAAAJ,0000-0000-0000-0000
Wenyao Xu,University at Buffalo,https://cse.buffalo.edu/~wenyaoxu,dvvN6qsAAAAJ,0000-0001-6444-9411
Wenye Li 0001,CUHK (SZ),https://mypage.cuhk.edu.cn/academics/wyli,S3lbOkMAAAAJ,0000-0002-5679-9670
Wenyong Dong,Wuhan University,https://cs.whu.edu.cn/info/1019/2881.htm,NOSCHOLARPAGE,0000-0000-0000-0000
Wenyong Wang,UESTC,https://www.en.scse.uestc.edu.cn/info/1085/2047.htm,NOSCHOLARPAGE,0000-0000-0000-0000
Wenyuan Xu 0001,Zhejiang University,https://person.zju.edu.cn/en/wyxu,FCsdj0YAAAAJ,0000-0002-5043-9148
Wenyun Zhao,Fudan University,http://www.cs.fudan.edu.cn/en/?page_id=2103,NOSCHOLARPAGE,0000-0000-0000-0000
Wenzel Jakob,EPFL,https://people.epfl.ch/wenzel.jakob,J4SmwaQAAAAJ,0000-0002-6090-1121
Wenzhen Yuan 0001,Univ. of Illinois at Urbana-Champaign,https://cs.illinois.edu/about/people/all-faculty/yuanwz,SNqm6doAAAAJ,0000-0001-8014-356X
Wenzheng Chen,Peking University,https://wenzhengchen.github.io,KzhR_TsAAAAJ,0009-0008-5623-1963
Wenzheng Xu,Sichuan University,https://cs.scu.edu.cn/info/1283/13566.htm,LMTfnAoAAAAJ,0000-0000-0000-0000
Wenzhi Chen,Zhejiang University,http://mypage.zju.edu.cn/chenwenzhi,NOSCHOLARPAGE,0000-0003-1674-4701
Wenzhong Li,Nanjing University,http://cs.nju.edu.cn/lwz,NOSCHOLARPAGE,0000-0002-9199-3655
Wenzhong Tang,Beihang University,http://graduate.buaa.edu.cn/TutorInfo.jsp?id=15386,NOSCHOLARPAGE,0000-0002-0530-4201
Werner Damm,University of Oldenburg,https://uol.de//ses/personen/werner-damm,NOSCHOLARPAGE,0000-0000-0000-0000
Werner Dietl,University of Waterloo,https://ece.uwaterloo.ca/~wdietl,D_5-WrcAAAAJ,0000-0002-9316-6952
Werner Michael Dietl,University of Waterloo,https://ece.uwaterloo.ca/~wdietl,D_5-WrcAAAAJ,0000-0000-0000-0000
Werner Purgathofer,TU Wien,https://www.cg.tuwien.ac.at/staff/WernerPurgathofer.html,NOSCHOLARPAGE,0000-0000-0000-0000
Werner Retschitzegger,JKU Linz,http://cis.jku.at/team/21?view=teamentry,NOSCHOLARPAGE,0000-0002-6739-0272
Werner Winiwarter,University of Vienna,https://cs.univie.ac.at/werner.winiwarter,NOSCHOLARPAGE,0000-0000-0000-0000
Wes Masri,American University of Beirut,http://www.aub.edu.lb/fea/wm13,BQM2KwcAAAAJ,0000-0000-0000-0000
Wesam A. Almobaideen,University of Jordan,http://eacademic.ju.edu.jo/wesmoba,txO1flYAAAAJ,0000-0000-0000-0000
Wesley J. Willett,University of Calgary,http://www.wjwillett.net,Q17-rckAAAAJ,0000-0000-0000-0000
Wesley K. G. Assunção,North Carolina State University,https://wesleyklewerton.github.io,PBndQZcAAAAJ,0000-0002-7557-9091
Wesley Willett,University of Calgary,http://www.wjwillett.net,Q17-rckAAAAJ,0000-0002-6793-3062
Wessam Ajib,Université du Québec à Montréal,https://www.labunix.uqam.ca/~ajib_w/index.html,58wIfGAAAAAJ,0000-0000-0000-0000
Wessel Kraaij,Leiden University,https://liacs.leidenuniv.nl/~kraaijw,w9YiYrsAAAAJ,0000-0001-7797-619X
Westley Weimer,University of Michigan,http://www.cs.virginia.edu/~weimer,Tj-vav8AAAAJ,0000-0001-6749-2204
Weverton Cordeiro,UFRGS,http://inf.ufrgs.br/~wlccordeiro,LESq_VcAAAAJ,0000-0000-0000-0000
Weverton Luis da Costa Cordeiro,UFRGS,http://inf.ufrgs.br/~wlccordeiro,LESq_VcAAAAJ,0000-0000-0000-0000
Wha Sook Jeon,Seoul National University,http://mccl.snu.ac.kr/Members01.htm,q3Pb7W8AAAAJ,0000-0000-0000-0000
Wheeler Ruml,University of New Hampshire,http://www.cs.unh.edu/~ruml,3idW4TkAAAAJ,0000-0002-1308-2311
Wiebe van der Hoek,University of Liverpool,https://www.csc.liv.ac.uk/~wiebe,WNmaKaIAAAAJ,0000-0003-0721-0310
Wieland Schwinger,JKU Linz,https://www.jku.at/institut-fuer-telekooperation/ueber-uns/team/wieland-schwinger,5E-bnRkAAAAJ,0000-0000-0000-0000
Wiem Mkaouer,Rochester Inst. of Technology,https://www.rit.edu/gccis/mohamed-wiem-mkaouer,UoHgCukAAAAJ,0000-0001-6010-7561
Wijarn Wangdee,KMUTNB,https://tggs.kmutnb.ac.th/assoc-prof-dr-wijarn-wangdee,BQK97SMAAAAJ,0000-0000-0000-0000
Wil M. P. van der Aalst,RWTH Aachen University,http://www.vdaalst.com,aSZYyxIAAAAJ,0000-0000-0000-0000
Wiley R. McKinzie,Rochester Inst. of Technology,https://www.rit.edu/programs/faculty/gccis-ugrad,NOSCHOLARPAGE,0000-0000-0000-0000
Wilf R. LaLonde,Carleton University,http://www.scs.carleton.ca/~lalonde,NOSCHOLARPAGE,0000-0000-0000-0000
Wilfred Ng,HKUST,http://www.cs.ust.hk/~wilfred,NJ6YPT4AAAAJ,0000-0001-6639-0521
Wilfredo Marrero,DePaul University,http://www.cdm.depaul.edu/about/Pages/People/facultyinfo.aspx?fid=120,NOSCHOLARPAGE,0000-0000-0000-0000
Wilfried Elmenreich,University of Klagenfurt,https://mobile.aau.at/~welmenre,5b62VQ4AAAAJ,0000-0000-0000-0000
Wilfried N. Gansterer,University of Vienna,https://cs.univie.ac.at/wilfried.gansterer,NOSCHOLARPAGE,0000-0001-5170-1251
Wilhelm Hasselbring,University of Kiel,https://www.se.informatik.uni-kiel.de/en/team/prof.-dr.-wilhelm-willi-hasselbring,L1C_kM0AAAAJ,0000-0001-6625-4335
Wilhelm R. Rossak,Friedrich Schiller University Jena,http://swt.informatik.uni-jena.de,NOSCHOLARPAGE,0000-0000-0000-0000
Will Crichton,Brown University,https://willcrichton.net,6Lh1eQUAAAAJ,0000-0001-8639-6541
Will N. Browne,Queensland Univ. of Technology,https://research.qut.edu.au/qcr/people/will-browne,syWBlr8AAAAJ,0000-0000-0000-0000
Will N. L. Browne,Queensland Univ. of Technology,https://research.qut.edu.au/qcr/people/will-browne,syWBlr8AAAAJ,0000-0000-0000-0000
Will Neil Browne,Queensland Univ. of Technology,https://research.qut.edu.au/qcr/people/will-browne,syWBlr8AAAAJ,0000-0000-0000-0000
Will Perkins 0001,Georgia Institute of Technology,http://willperkins.org,5HJzWMUAAAAJ,0000-0002-7937-7016
Willard Rafnsson,IT University of Copenhagen,https://pure.itu.dk/portal/da/persons/willard-rafnsson(9cf737ee-bd9a-4f7e-b865-b6ff6ed01fde).html,LvbsGtkAAAAJ,0000-0000-0000-0000
Willem Adrian Labuschagne,University of Otago,http://www.jucs.org/jucs_articles_by_author/Labuschagne_Willem_Adrian,NOSCHOLARPAGE,0000-0000-0000-0000
Willem B. Heijltjes,University of Bath,http://www.cs.bath.ac.uk/~wbh22,TzO85XoAAAAJ,0009-0001-8941-1150
Willem B. Kleijn,Victoria University of Wellington,http://ecs.victoria.ac.nz/Main/BastiaanKleijn,NOSCHOLARPAGE,0000-0000-0000-0000
Willem H. Zuidema,University of Amsterdam,https://staff.fnwi.uva.nl/w.zuidema,MBkG_FYAAAAJ,0000-0002-2362-5447
Willem Heijltjes,University of Bath,http://www.cs.bath.ac.uk/~wbh22,TzO85XoAAAAJ,0009-0001-8941-1150
Willem Huijbers,Tilburg University,https://www.tilburguniversity.edu/webwijs/show/w.huijbers.htm,tta1gwMAAAAJ,0000-0000-0000-0000
Willem Jan Fokkink,VU Amsterdam,http://www.cs.vu.nl/~wanf,WTKJx9EAAAAJ,0000-0000-0000-0000
Willem Robert van Hage,VU Amsterdam,http://wrvh.home.xs4all.nl,FddhRPoAAAAJ,0000-0000-0000-0000
Willem Visser,Stellenbosch University,http://www.cs.sun.ac.za/~wvisser,5yAC8o8AAAAJ,0000-0002-0913-3091
Willem-Paul Brinkman,TU Delft,https://www.tudelft.nl/ewi/over-de-faculteit/afdelingen/intelligent-systems/interactive-intelligence/people/current-group-members/willem-paul-brinkman,cYKXTxMAAAAJ,0000-0000-0000-0000
William A. Barrett,Brigham Young University,https://cs.byu.edu/faculty/barrett,yLWfq68AAAAJ,0000-0000-0000-0000
William A. Hamilton,New Mexico State University,https://www.cs.nmsu.edu/plexlab/people/bill,W7jbeOwAAAAJ,0000-0000-0000-0000
William A. Hoff,Colorado School of Mines,http://inside.mines.edu/~whoff,XvoGQx4AAAAJ,0000-0000-0000-0000
William A. P. Smith,University of York,https://www-users.york.ac.uk/~waps101,o2z0h6MAAAAJ,0000-0002-6047-0413
William Aiello,University of British Columbia,https://www.cs.ubc.ca/people/bill-aiello,7gbCeoEAAAAJ,0000-0000-0000-0000
William Allen,Florida Institute of Technology,http://www.fit.edu,NOSCHOLARPAGE,0000-0000-0000-0000
William Brent Seales,University of Kentucky,https://www.cs.uky.edu/people/faculty/bseales,jk09W8sAAAAJ,0000-0000-0000-0000
William C. Regli,Univ. of Maryland - College Park,https://www.cs.umd.edu/people/regli,-MSUomIAAAAJ,0000-0000-0000-0000
William D. Armitage,University of South Florida,http://www.usf.edu/engineering/cse/people,NOSCHOLARPAGE,0000-0000-0000-0000
William D. Gropp,Univ. of Illinois at Urbana-Champaign,http://wgropp.cs.illinois.edu,vB96fX8AAAAJ,0000-0003-2905-3029
William E. Skeith III,CUNY,http://www-cs.ccny.cuny.edu/~wes,NOSCHOLARPAGE,0000-0000-0000-0000
William Eiers,Stevens Institute of Technology,https://william-eiers.github.io,shZGzBwAAAAJ,0009-0007-0235-2332
William Enck,North Carolina State University,http://www.enck.org,KcM-4NsAAAAJ,0000-0002-3043-8092
William F. Punch,Michigan State University,http://www.cse.msu.edu/~punch,U9HQ2qUAAAAJ,0000-0000-0000-0000
William F. Punch III,Michigan State University,http://www.cse.msu.edu/~punch,U9HQ2qUAAAAJ,0000-0000-0000-0000
William Fornaciari,Politecnico di Milano,http://home.deib.polimi.it/fornacia,NOSCHOLARPAGE,0000-0001-8294-730X
William G. J. Halfond,University of Southern California,https://viterbi-web.usc.edu/~halfond,98W28JoAAAAJ,0000-0003-4951-9367
William G. Wee,University of Cincinnati,http://www.ece.uc.edu/%7Ewwee,NOSCHOLARPAGE,0000-0000-0000-0000
William Gasarch,Univ. of Maryland - College Park,https://www.cs.umd.edu/users/gasarch,NOSCHOLARPAGE,0000-0000-0000-0000
William Gregory Sakas,CUNY,http://www.cs.hunter.cuny.edu/~sakas,swe6S54AAAAJ,0000-0000-0000-0000
William Gropp,Univ. of Illinois at Urbana-Champaign,http://wgropp.cs.illinois.edu,vB96fX8AAAAJ,0000-0003-2905-3029
William H. Hsu,Kansas State University,http://people.cis.ksu.edu/~bhsu,JQoJRcIAAAAJ,0000-0000-0000-0000
William H. Latham,Goldsmiths University of London,https://www.gold.ac.uk/computing/staff/w-latham,NOSCHOLARPAGE,0000-0000-0000-0000
William H. Press,University of Texas at Austin,http://numerical.recipes/whp,yi6DR64AAAAJ,0000-0000-0000-0000
William H. Sanders,Carnegie Mellon University,https://engineering.cmu.edu/directory/bios/sanders-william.html,FClnlsgAAAAJ,0000-0000-0000-0000
William Harrison,University of Missouri,https://engineering.missouri.edu/faculty/william-harrison,NOSCHOLARPAGE,0000-0000-0000-0000
William I. Gasarch,Univ. of Maryland - College Park,https://www.cs.umd.edu/users/gasarch,NOSCHOLARPAGE,0000-0000-0000-0000
William I. Grosky,University of Michigan-Dearborn,https://umdearborn.edu/users/wgrosky,jGsRPo8AAAAJ,0000-0000-0000-0000
William J. Beksi,University of Texas at Arlington,http://ranger.uta.edu/~wjbeksi,lU2Z7MMAAAAJ,0000-0001-5377-2627
William J. Bowman,University of British Columbia,https://www.williamjbowman.com,Vbnpt_EAAAAJ,0000-0002-6402-4840
William J. Hurley,Royal Military College of Canada,https://www.rmc-cmr.ca/en/mathematics-and-computer-science/wj-hurley-bsc-mba-phd-professor,NOSCHOLARPAGE,0000-0000-0000-0000
William J. Knottenbelt,Imperial College London,http://www.imperial.ac.uk/people/w.knottenbelt,Vz8XWRoAAAAJ,0000-0000-0000-0000
William J. Stewart 0001,North Carolina State University,http://www4.ncsu.edu/~billy,TZ64UCIAAAAJ,0000-0000-0000-0000
William John Knottenbelt,Imperial College London,http://www.imperial.ac.uk/people/w.knottenbelt,Vz8XWRoAAAAJ,0000-0000-0000-0000
William K. Cheung 0001,Hong Kong Baptist University,http://www.comp.hkbu.edu.hk/~william,e42JkYIAAAAJ,0000-0000-0000-0000
William K. Robertson,Northeastern University,http://www.ccis.northeastern.edu/people/william-robertson,VxWLGyoAAAAJ,0000-0000-0000-0000
William Kretschmer,University of Texas at Austin,https://wkretschmer.github.io,gckWFYUAAAAJ,0000-0002-7784-9817
William Kuszmaul,Carnegie Mellon University,https://sites.google.com/site/williamkuszmaul,LRE8KTcAAAAJ,0000-0002-3855-3036
William Kwok-Wai Cheung,Hong Kong Baptist University,http://www.comp.hkbu.edu.hk/~william,e42JkYIAAAAJ,0000-0002-7428-2050
William L. Kocay,University of Manitoba,http://www.combinatorialmath.ca/billkocay.html,NOSCHOLARPAGE,0000-0000-0000-0000
William L. Scherlis,Carnegie Mellon University,http://www.cs.cmu.edu/~wls,F6LzqwMAAAAJ,0000-0000-0000-0000
William L. Steiger,Rutgers University,http://www.cs.rutgers.edu/~steiger,8rnvCfgAAAAJ,0000-0000-0000-0000
William Lawrence Kocay,University of Manitoba,http://www.combinatorialmath.ca/billkocay.html,NOSCHOLARPAGE,0000-0000-0000-0000
William M. Farmer,McMaster University,http://imps.mcmaster.ca/wmfarmer,zNX4etkAAAAJ,0000-0000-0000-0000
William M. Hoza,University of Chicago,https://williamhoza.com,sORZkb4AAAAJ,0000-0000-0000-0000
William Mansky,University of Illinois at Chicago,https://www.cs.uic.edu/~mansky,-BGmHzcAAAAJ,0000-0002-5351-895X
William Moloney,University of Massachusetts Lowell,https://www.uml.edu/Sciences/computer-science/faculty/moloney-william.aspx,gHYMJZ0AAAAJ,0000-0000-0000-0000
William N. L. Browne,Queensland Univ. of Technology,https://research.qut.edu.au/qcr/people/will-browne,syWBlr8AAAAJ,0000-0000-0000-0000
William N. Sumner,Simon Fraser University,http://http://www.cs.sfu.ca/~wsumner,NOSCHOLARPAGE,0000-0001-8592-033X
William Perkins 0001,University of Illinois at Chicago,http://willperkins.org,5HJzWMUAAAAJ,0000-0000-0000-0000
William R. Michalson,Worcester Polytechnic Institute,http://www.wpi.edu/academics/facultydir/wzm.html,rau-pbUAAAAJ,0000-0000-0000-0000
William Rhodes,Florida Atlantic University,http://www.fau.edu/ufsgov/standing-committees.php,NOSCHOLARPAGE,0000-0000-0000-0000
William Robertson 0002,Northeastern University,http://www.ccis.northeastern.edu/people/william-robertson,VxWLGyoAAAAJ,0000-0000-0000-0000
William Robson Schwartz,UFMG,http://homepages.dcc.ufmg.br/~william,koXKq5EAAAAJ,0000-0003-1449-8834
William S. Cleveland,Purdue University,http://www.stat.purdue.edu/~wsc,ds52UHcAAAAJ,0000-0000-0000-0000
William S. Evans,University of British Columbia,https://www.cs.ubc.ca/people/william-evans,JU1Z-DcAAAAJ,0000-0000-0000-0000
William S. Moses,Univ. of Illinois at Urbana-Champaign,https://wsmoses.com,tPC00zwAAAAJ,0000-0003-2627-0642
William Seymour,King's College London,https://www.kcl.ac.uk/people/william-seymour,NbrrDDwAAAAJ,0000-0002-0256-6740
William Shoaff,Florida Institute of Technology,http://fit.academia.edu/WilliamShoaff,NOSCHOLARPAGE,0000-0000-0000-0000
William Smith 0002,University of York,https://www-users.cs.york.ac.uk/wsmith,o2z0h6MAAAAJ,0000-0002-6047-0413
William T. Freeman,Massachusetts Inst. of Technology,https://billf.mit.edu,0zZnyMEAAAAJ,0000-0002-2231-7995
William T. Hallahan,Binghamton University,https://www.binghamton.edu/computer-science/people/profile.html?id=whallahan,SIpwj1UAAAAJ,0000-0003-4925-3861
William Waites,University of Strathclyde,https://pureportal.strath.ac.uk/en/persons/william-waites/publications,8jBWCEoAAAAJ,0000-0002-7759-6805
William Yang Wang,Univ. of California - Santa Barbara,http://www.cs.ucsb.edu/~william,gf8Ms_8AAAAJ,0000-0001-6938-0361
William Yeoh 0001,Washington University in St. Louis,https://sites.wustl.edu/wyeoh,HzOQwwkAAAAJ,0000-0002-2617-870X
William Hawkins,University of Cincinnati,https://researchdirectory.uc.edu/p/hawkinwh,NOSCHOLARPAGE,0000-0000-0000-0000
Willibrordus Martinus Pancratius van der Aalst,TU Eindhoven,http://www.vdaalst.com,NOSCHOLARPAGE,0000-0000-0000-0000
Willie Neiswanger,University of Southern California,https://willieneis.github.io,QwKHApEAAAAJ,0000-0000-0000-0000
Willy Quach,CISPA Helmholtz Center,https://wquach.github.io,ARFd9ukAAAAJ,0000-0002-4309-6992
Willy Susilo,University of Wollongong,https://scholars.uow.edu.au/willy-susilo,eNOmOvkAAAAJ,0000-0002-1562-5105
Wim Martens,University of Bayreuth,https://www.theoinf.uni-bayreuth.de/en/team/martens_wim/index.php,QgkOSXoAAAAJ,0000-0001-9480-3522
Wim Michiels,KU Leuven,https://people.cs.kuleuven.be/~wim.michiels,mp29GegAAAAJ,0000-0000-0000-0000
Wim Vanderbauwhede,University of Glasgow,http://www.dcs.gla.ac.uk/~wim,8k8c2f4AAAAJ,0000-0000-0000-0000
Wim van Dam,Univ. of California - Santa Barbara,https://www.cs.ucsb.edu/~vandam,w_zbNmoAAAAJ,0000-0000-0000-0000
Winfried Kurth,University of Göttingen,http://www.uni-goettingen.de/de/72781.html,NOSCHOLARPAGE,0000-0000-0000-0000
Winfried Lamersdorf,University of Hamburg,https://vsis-www.informatik.uni-hamburg.de/vsis/members/look/4,ZvJH9dUAAAAJ,0000-0000-0000-0000
Wing Ho Leung,City University of Hong Kong,https://www.cs.cityu.edu.hk/~howard/brief-bio.html,EPaaCOgAAAAJ,0000-0000-0000-0000
Wing Kwong Chan,City University of Hong Kong,https://www.cs.cityu.edu.hk/~wkchan,-GAmIvsAAAAJ,0000-0001-7726-6235
Wing Lam,George Mason University,https://cs.gmu.edu/~winglam,OXYaXQsAAAAJ,0000-0000-0000-0000
Wing Ning Li,University of Arkansas,https://engineering.uark.edu/directory/index/uid/wingning/name/Wing+Ning+Li,NOSCHOLARPAGE,0000-0000-0000-0000
Wing-Kai Hon,National Tsing Hua University,http://www.cs.nthu.edu.tw/~wkhon,7bMQ4KAAAAAJ,0000-0002-0570-2904
Wing-Kin Sung,National University of Singapore,https://www.comp.nus.edu.sg/~ksung,KaCbE9MAAAAJ,0000-0001-7806-7086
Winn Chow,University of Melbourne,https://findanexpert.unimelb.edu.au/profile/4556-winn-chow,zo2pj7cAAAAJ,0000-0000-0000-0000
Winn W. Y. Chow,University of Melbourne,https://findanexpert.unimelb.edu.au/profile/4556-winn-chow,zo2pj7cAAAAJ,0000-0000-0000-0000
Winston H. Hsu,National Taiwan University,https://winstonhsu.info,NOvDH3QAAAAJ,0000-0002-3330-0638
Winston K. G. Seah,Victoria University of Wellington,http://homepages.ecs.vuw.ac.nz/~winston,NOSCHOLARPAGE,0000-0001-7147-5167
Winston Khoon Guan Seah,Victoria University of Wellington,http://homepages.ecs.vuw.ac.nz/~winston,NOSCHOLARPAGE,0000-0001-7147-5167
Winston Seah,Victoria University of Wellington,http://homepages.ecs.vuw.ac.nz/~winston,NOSCHOLARPAGE,0000-0000-0000-0000
Wissam Fawaz,Lebanese American University,http://soe.lau.edu.lb/ece/faculty-staff/wissam_fawaz.php,3o50cnIAAAAJ,0000-0000-0000-0000
Witawas Srisa-an,University of Nebraska,http://cse.unl.edu/~witty,Nf_0d9MAAAAJ,0000-0003-0021-5696
Witold Charatonik,University of Wroclaw,https://www.ii.uni.wroc.pl/~wch,mCyQ2RgAAAAJ,0000-0001-7062-0385
Wlodek Drabent,IPI PAN,https://ipipan.waw.pl/instytut/pracownicy/wlodzimierz-drabent,bG-Ml1YAAAAJ,0000-0000-0000-0000
Wlodek Zadrozny,UNC - Charlotte,https://sites.google.com/a/uncc.edu/wzadrozny,PwdKImsAAAAJ,0000-0000-0000-0000
Wlodzimierz Drabent,IPI PAN,https://ipipan.waw.pl/instytut/pracownicy/wlodzimierz-drabent,bG-Ml1YAAAAJ,0000-0000-0000-0000
Wm. Randolph Franklin,Rensselaer Polytechnic Institute,https://www.ecse.rpi.edu/Homepages/wrf/pmwiki,YFX36Q8AAAAJ,0000-0000-0000-0000
Wo-Shun Luk,Simon Fraser University,https://www.cs.sfu.ca/~woshun,NOSCHOLARPAGE,0000-0000-0000-0000
Wojciech Czerwinski,University of Warsaw,https://www.cs.ox.ac.uk/seminars/1696.html,qG0VSzMAAAAJ,0000-0002-6169-868X
Wojciech Jamroga,IPI PAN,https://ipipan.waw.pl/instytut/pracownicy/wojciech-jamroga,zOra04oAAAAJ,0000-0001-6340-8845
Wojciech Jarosz,Dartmouth College,https://www.cs.dartmouth.edu/~wjarosz,vrjL9p0AAAAJ,0000-0002-1652-0954
Wojciech Jaworski,University of Warsaw,http://www.mimuw.edu.pl/~wjaworski,NOSCHOLARPAGE,0000-0000-0000-0000
Wojciech Matusik,Massachusetts Inst. of Technology,http://people.csail.mit.edu/wojciech,wbIMbL8AAAAJ,0000-0003-0212-5643
Wojciech Penczek,IPI PAN,https://ipipan.waw.pl/instytut/pracownicy/wojciech-penczek,KFwHuRIAAAAJ,0000-0001-6477-4863
Wojciech Plandowski,University of Warsaw,http://www.mimuw.edu.pl/~rytter,NOSCHOLARPAGE,0000-0000-0000-0000
Wojciech Rytter,University of Warsaw,http://www.mimuw.edu.pl/~rytter,hFJHqF4AAAAJ,0000-0000-0000-0000
Wojciech Samek,TU Berlin,https://www.tu.berlin/vcard/wojciech.samek,7aQwO08AAAAJ,0000-0002-6283-3265
Wojciech Szpankowski,Purdue University,https://www.cs.purdue.edu/people/spa,xQMGL_8AAAAJ,0000-0000-0000-0000
Wojtek Jamroga,IPI PAN,https://ipipan.waw.pl/instytut/pracownicy/wojciech-jamroga,zOra04oAAAAJ,0000-0000-0000-0000
Wojtek Kowalczyk,Leiden University,https://www.universiteitleiden.nl/en/staffmembers/wojtek-kowalczyk/publications#tab-3,2Pe_9I0AAAAJ,0000-0000-0000-0000
Wolf Zimmermann,University of Halle-Wittenberg,https://swt.informatik.uni-halle.de/mitarbeiter/zimmermann,6Aafd0gAAAAJ,0000-0000-0000-0000
Wolf-Dietrich Fellner,TU Darmstadt,http://www.gris.tu-darmstadt.de/home/members/fellner/index.en.htm,V_qa12YAAAAJ,0000-0001-7756-0901
Wolf-Tilo Balke,TU Braunschweig,http://www.ifis.cs.tu-bs.de/staff/balke,Vtd-PgEAAAAJ,0000-0002-5443-1215
Wolfgang Ahrendt,Chalmers/GU,https://www.chalmers.se/en/staff/Pages/ahrendt.aspx,NOSCHOLARPAGE,0000-0002-5671-2555
Wolfgang Banzhaf,Michigan State University,http://research.msu.edu/tag/wolfgang-banzhaf,u-FjxEUAAAAJ,0000-0000-0000-0000
Wolfgang Bein,University of Nevada Las Vegas,http://web.cs.unlv.edu/bein,oUwEYt4AAAAJ,0000-0000-0000-0000
Wolfgang E. Nagel,TU Dresden,https://tu-dresden.de/die_tu_dresden/zentrale_einrichtungen/zih/wir_ueber_uns/mitarbeiter/nagel,NOSCHOLARPAGE,0000-0000-0000-0000
Wolfgang Emmerich,University College London,http://www0.cs.ucl.ac.uk/staff/w.emmerich,ZgDFblUAAAAJ,0000-0000-0000-0000
Wolfgang Faber 0001,University of Klagenfurt,https://www.wfaber.com,XMxznHQAAAAJ,0000-0002-0330-5868
Wolfgang Gatterbauer,Northeastern University,https://www.ccis.northeastern.edu/people/wolfgang-gatterbauer,9mIBxkMAAAAJ,0000-0002-9614-0504
Wolfgang Heidrich,KAUST,http://vccimaging.org/People/heidriw,IQSbom0AAAAJ,0000-0002-4227-8508
Wolfgang Hesse,LMU Munich,https://www.sosy-lab.org/people/hesse,NOSCHOLARPAGE,0000-0000-0000-0000
Wolfgang Hofkirchner,TU Wien,http://igw.tuwien.ac.at/hci/people/whofkirchner,MxJLB5sAAAAJ,0000-0000-0000-0000
Wolfgang Hommel,Bundeswehr University Munich,https://www.unibw.de/inf2/personen/professoren/hommel,LCsesngAAAAJ,0000-0000-0000-0000
Wolfgang Hönig,TU Berlin,https://whoenig.github.io,XUQcbFAAAAAJ,0000-0000-0000-0000
Wolfgang Hürst,Utrecht University,https://www.uu.nl/staff/WOHurst,78AU-EwAAAAJ,0000-0000-0000-0000
Wolfgang J. Paul,Saarland University,http://www-wjp.cs.uni-saarland.de/leute/individuum.php?person=1&lang=en,NOSCHOLARPAGE,0000-0000-0000-0000
Wolfgang Johann Heinrich Mulzer,Freie Universitaet Berlin,https://www.mi.fu-berlin.de/inf/groups/ag-ti/members/professoren/Mulzer_Wolfgang.html,NOSCHOLARPAGE,0000-0000-0000-0000
Wolfgang Karl,Karlsruhe Inst. of Technology,http://capp.itec.kit.edu/~karl/?lang=d,NOSCHOLARPAGE,0000-0000-0000-0000
Wolfgang Kastner,TU Wien,https://www.auto.tuwien.ac.at/index.php/projectsites/142-wolfgang-kastner,HXWWcJYAAAAJ,0000-0001-5420-404X
Wolfgang Kellerer,TU Munich,https://campus.tum.de/tumonline/ee/ui/ca2/app/desktop/#/pl/ui/$ctx/visitenkarte.show_vcard?$ctx=design=ca2;header=max;lang=de&pPersonenGruppe=3&pPersonenId=58978AAE2AADD7E4,6L4GH_wAAAAJ,0000-0003-4358-8038
Wolfgang Klas,University of Vienna,https://cs.univie.ac.at/wolfgang.klas,NOSCHOLARPAGE,0000-0000-0000-0000
Wolfgang Koch 0001,University of Bonn,https://net.cs.uni-bonn.de/de/wg/sdf/mitarbeiter/leader/wolfgang-koch,NOSCHOLARPAGE,0000-0000-0000-0000
Wolfgang Kunz,TU Kaiserslautern,https://www.eit.uni-kl.de/eis/people/kunz,NOSCHOLARPAGE,0000-0002-6612-2946
Wolfgang Küchlin,University of Tübingen,https://uni-tuebingen.de/en/faculties/faculty-of-science/departments/computer-science/lehrstuehle/symbolisches-rechnen/arbeitsbereich/prof-wolfgang-kuechlin,NOSCHOLARPAGE,0000-0000-0000-0000
Wolfgang Lehner,TU Dresden,https://wwwdb.inf.tu-dresden.de/team/head/wolfgang-lehner,YYzvyMQAAAAJ,0000-0001-8107-2775
Wolfgang Maass 0001,Graz University of Technology,https://igi-web.tugraz.at/people/maass,2WpvdH0AAAAJ,0000-0000-0000-0000
Wolfgang Maass 0002,Saarland University,http://iss.uni-saarland.de/de/team/detail/wolfgang/maass,v1qq9joAAAAJ,0000-0000-0000-0000
Wolfgang Maaß 0001,Graz University of Technology,https://igi-web.tugraz.at/people/maass,2WpvdH0AAAAJ,0000-0000-0000-0000
Wolfgang Maaß 0002,Saarland University,http://iss.uni-saarland.de/de/team/detail/wolfgang/maass,v1qq9joAAAAJ,0000-0000-0000-0000
Wolfgang May,University of Göttingen,https://user.informatik.uni-goettingen.de/~may,NOSCHOLARPAGE,0000-0000-0000-0000
Wolfgang Menzel,University of Hamburg,https://nats-www.informatik.uni-hamburg.de/User/WolfgangMenzel,hg1RlJsAAAAJ,0000-0000-0000-0000
Wolfgang Merkle,Heidelberg University,https://www.math.uni-heidelberg.de/logic/merkle/merkle.html,rgFS9KYAAAAJ,0000-0000-0000-0000
Wolfgang Mulzer,Freie Universitaet Berlin,https://www.mi.fu-berlin.de/inf/groups/ag-ti/members/professoren/Mulzer_Wolfgang.html,NOSCHOLARPAGE,0000-0002-1948-5840
Wolfgang Nebel,University of Oldenburg,https://uol.de/ehs/personen/prof-dr-ing-wolfgang-nebel,coKZJ4YAAAAJ,0000-0000-0000-0000
Wolfgang Nejdl,University of Hannover,http://www.kbs.uni-hannover.de/~nejdl,LC62bdYAAAAJ,0000-0003-3374-2193
Wolfgang Pree,University of Salzburg,http://www.softwareresearch.net/home,NOSCHOLARPAGE,0000-0000-0000-0000
Wolfgang Prinz,RWTH Aachen University,https://dbis.rwth-aachen.de/dbis/index.php/user/prinz,QWWLOGQAAAAJ,0000-0000-0000-0000
Wolfgang Reif,University of Augsburg,https://www.uni-augsburg.de/de/fakultaet/fai/isse/prof/swtse/team/reif,NOSCHOLARPAGE,0000-0002-4086-0043
Wolfgang Reinhardt 0002,Bundeswehr University Munich,https://websrv.rz.unibw-muenchen.de/inf4/professuren/geoinformatik/index_html,Xar_GqcAAAAJ,0000-0000-0000-0000
Wolfgang Schröder 0002,University of Erlangen–Nuremberg,https://www4.cs.fau.de/~wosch,NOSCHOLARPAGE,0000-0000-0000-0000
Wolfgang Schröder-Preikschat,University of Erlangen–Nuremberg,https://www4.cs.fau.de/~wosch,NOSCHOLARPAGE,0000-0002-5216-2103
Wolfgang Slany,Graz University of Technology,http://www.ist.tugraz.at/wolfgang_slany.html,yCR2h98AAAAJ,0000-0000-0000-0000
Wolfgang Thomas,RWTH Aachen University,https://www.lics.rwth-aachen.de/cms/LICS/Der-Lehrstuhl/Team/Dozierende/~ocwi/Wolfgang-Thomas/?allou=1,NOSCHOLARPAGE,0000-0000-0000-0000
Wolfgang W. Bein,University of Nevada Las Vegas,http://web.cs.unlv.edu/bein,oUwEYt4AAAAJ,0000-0000-0000-0000
Wolfgang Wahlster,Saarland University,http://w5.cs.uni-saarland.de/staff/show/wahlster,FQm5IYsAAAAJ,0000-0000-0000-0000
Wolfram Hardt,TU Chemnitz,https://www.tu-chemnitz.de/informatik/ce/professur/professor.php,oYPZZ2gAAAAJ,0000-0000-0000-0000
Wolfram Kahl,McMaster University,http://www.cas.mcmaster.ca/~kahl,NOSCHOLARPAGE,0000-0000-0000-0000
Wolfram Wingerath,University of Oldenburg,https://uol.de/wolle,hMyAocwAAAAJ,0000-0000-0000-0000
Wolfram Wöß,JKU Linz,https://www.jku.at/en/faw/about-us/team/wolfram-woess,NOSCHOLARPAGE,0000-0000-0000-0000
Won Hwa Kim,POSTECH,http://aimi.postech.ac.kr/members,aWPSHNwAAAAJ,0000-0001-5393-0883
Won Suk Lee,Yonsei University,http://database.yonsei.ac.kr/professor,NOSCHOLARPAGE,0000-0000-0000-0000
Won-Gyu Lee,Korea University,https://inc.korea.ac.kr/menu/4?lang=en,NOSCHOLARPAGE,0000-0000-0000-0000
Won-Ki Jeong,Korea University,http://hvcl.korea.ac.kr,bnyKqkwAAAAJ,0000-0002-9393-6451
Won-Suk Lee,Yonsei University,http://database.yonsei.ac.kr/professor,NOSCHOLARPAGE,0000-0000-0000-0000
WonGyu Lee,Korea University,https://inc.korea.ac.kr/menu/4?lang=en,NOSCHOLARPAGE,0000-0000-0000-0000
Wonjong Rhee,Seoul National University,http://adsl.snu.ac.kr,htFuYWsAAAAJ,0000-0000-0000-0000
Wonjun Lee 0001,Korea University,https://netlab.korea.ac.kr/netlab,pl6zPg4AAAAJ,0000-0001-5286-6541
Wonryull Koh,University of Southern Mississippi,https://www.usm.edu/computing/faculty/wonryull-koh,NOSCHOLARPAGE,0000-0000-0000-0000
Wonsook Lee,University of Ottawa,http://www.site.uottawa.ca/~wslee,ohzzc8AAAAAJ,0000-0000-0000-0000
Wonsuk Choi,Korea University,https://protocol.korea.ac.kr,YajJACMAAAAJ,0000-0000-0000-0000
Wonyeol Lee 0001,POSTECH,https://wonyeol.github.io,g3TYhjcAAAAJ,0000-0003-0301-0872
Wonyong Sung,Seoul National University,https://sites.google.com/site/spslab2018/professor,1IfNFz4AAAAJ,0000-0000-0000-0000
Wonzoo Chung,Korea University,http://spl.korea.ac.kr/professor,NOSCHOLARPAGE,0000-0000-0000-0000
Woo Chaw Seng,University of Malaya,https://umexpert.um.edu.my/cswoo,R8Poty8AAAAJ,0000-0000-0000-0000
Woo Jin Lee,Kyungpook National University,http://selab.knu.ac.kr,mu0cyK8AAAAJ,0000-0000-0000-0000
Woohwan Jung,Hanyang University,https://sites.google.com/view/whjung,KsU7NzIAAAAJ,0000-0003-4561-2214
Wooi Boon Goh,Nanyang Technological University,https://dr.ntu.edu.sg/cris/rp/rp00693,w7C16A8AAAAJ,0000-0000-0000-0000
Wooi-Boon Goh,Nanyang Technological University,http://research.ntu.edu.sg/expertise/academicprofile/Pages/StaffProfile.aspx?ST_EMAILID=ASWBGOH,w7C16A8AAAAJ,0000-0000-0000-0000
Wook-Shin Han,POSTECH,http://president.postech.ac.kr/html/portlet/ext/person/popup.jsp?sLocale=en&pernr=00100581&orgeh=50089843&prefLocale=en,Jp_w2IwAAAAJ,0000-0001-9206-9563
Woongki Baek,UNIST,https://sites.google.com/site/woongkibaek,5WqlEKgAAAAJ,0000-0000-0000-0000
Woontack Woo,KAIST,http://uvrlab.org/professor.php,s3Z4Q1oAAAAJ,0000-0002-5501-4421
Worthy Martin,University of Virginia,https://www.cs.virginia.edu/people/faculty/martin.html,NOSCHOLARPAGE,0000-0000-0000-0000
Worthy N. Martin,University of Virginia,https://www.cs.virginia.edu/people/faculty/martin.html,NOSCHOLARPAGE,0000-0000-0000-0000
Wout Bittremieux,University of Antwerp,https://www.uantwerpen.be/en/staff/wout-bittremieux_12505,fBl8-IwAAAAJ,0000-0002-3105-1359
Wouter Boomsma,University of Copenhagen,https://di.ku.dk/english/staff/?pure=en/persons/275482,EwqU_jsAAAAJ,0000-0002-8257-3827
Wouter Duivesteijn,TU Eindhoven,http://wwwis.win.tue.nl/~wouter,LmsQAtAAAAAJ,0000-0000-0000-0000
Wouter Joosen,KU Leuven,https://distrinet.cs.kuleuven.be/people/wouter,NOSCHOLARPAGE,0000-0000-0000-0000
Wouter Lueks,CISPA Helmholtz Center,https://wouterlueks.nl,RY6zQiYAAAAJ,0000-0001-6441-8375
Wouter Meulemans,TU Eindhoven,http://www.win.tue.nl/~wmeulema,ZUj5GLoAAAAJ,0000-0002-4978-3400
Wouter Swierstra,Utrecht University,http://www.staff.science.uu.nl/~swier004,ZrrljKAAAAAJ,0000-0002-0295-7944
Wray L. Buntine,VinUniversity,https://bayesian-models.org,J2pGGuAAAAAJ,0000-0001-9292-1015
Wu Lin,University of Central Florida,https://www.cs.ucf.edu/person/wulin,sGl6muoAAAAJ,0000-0000-0000-0000
Wu Liu,USTC,https://faculty.ustc.edu.cn/liuwu/zh_CN/index.htm,rQpizr0AAAAJ,0000-0000-0000-0000
Wu-Chun Feng,Virginia Tech,http://people.cs.vt.edu/feng,Sm0f6HYAAAAJ,0000-0000-0000-0000
Wu-Jun Li,Nanjing University,https://cs.nju.edu.cn/lwj,NCCdqdcAAAAJ,0000-0000-0000-0000
Wu-chang Feng,Portland State University,https://www.pdx.edu/profile/meet-professor-wu-chang-feng,NOSCHOLARPAGE,0000-0000-0000-0000
Wu-chi Feng,Portland State University,http://web.cecs.pdx.edu/~wuchi,NOSCHOLARPAGE,0000-0000-0000-0000
Wu-chun Feng,Virginia Tech,http://people.cs.vt.edu/feng,Sm0f6HYAAAAJ,0000-0002-6015-0727
Wujie Wen,North Carolina State University,https://www.lehigh.edu/~wuw219,QKQrD1wAAAAJ,0000-0003-3440-1905
Wulfram Gerstner,EPFL,http://lcn.epfl.ch/~gerstner,dqBH37QAAAAJ,0000-0000-0000-0000
Wuu Yang,National Chiao Tung University,http://people.cs.nctu.edu.tw/~wuuyang/homepage/Welcome.html,NOSCHOLARPAGE,0000-0000-0000-0000
Wuwei Ren,ShanghaiTech University,http://miblab.cn,F7fejosAAAAJ,0000-0000-0000-0000
Wuwei Shen,Western Michigan University,https://cs.wmich.edu/~wwshen,NOSCHOLARPAGE,0000-0000-0000-0000
Wuxia Jin,Xi'an Jiaotong University,http://gr.xjtu.edu.cn/web/jinwuxia,_Bz00rsAAAAJ,0000-0002-9137-4635
Wuxu Peng,Texas State University,http://keystone.cs.txstate.edu/personal,NOSCHOLARPAGE,0000-0000-0000-0000
Wuyang Chen 0001,Simon Fraser University,https://chenwydj.github.io,RHOcEtsAAAAJ,0000-0000-0000-0000
Wuyang Zhang,USTC,https://saids.ustc.edu.cn/2025/0319/c36362a677387/page.htm,dtRGhasAAAAJ,0009-0001-8068-0282
Wuyuan Xie,Shenzhen University,https://csse.szu.edu.cn/en/pages/user/index?id=886,y5Dr_6YAAAAJ,0000-0000-0000-0000
Wyatt Lloyd,Princeton University,https://www.cs.princeton.edu/~wlloyd,NU-FHh4AAAAJ,0000-0002-4870-0490
Wyatt S. Newman,Case Western Reserve University,http://engineering.case.edu/profiles/wsn,NOSCHOLARPAGE,0000-0001-6489-9164
Wynne Hsu,National University of Singapore,http://www.comp.nus.edu.sg/~whsu,ljyBjv8AAAAJ,0000-0002-4142-8893
wanchun Jiang,Central South University,https://faculty.csu.edu.cn/wanchun/zh_CN/index.htm,16bwNBUAAAAJ,0000-0000-0000-0000
