institution,region,countryabbrv,homepage
AUEB,europe,gr,https://www.dept.aueb.gr/en/cs
Aalborg University,europe,dk,https://www.cs.aau.dk/
Aalto University,europe,fi,https://www.aalto.fi/en/department-of-computer-science
Aarhus University,europe,dk,https://cs.au.dk/
Aberystwyth University,europe,gb,https://www.aber.ac.uk/en/cs/
Adelaide University,australasia,au,https://set.adelaide.edu.au/computer-and-mathematical-sciences/
Air Force Inst. of Technology,northamerica,us,https://www.afit.edu/ENG/
American University in Cairo,africa,eg,https://sse.aucegypt.edu/academics/departments/computer-science-and-engineering
American University of Beirut,asia,lb,https://www.aub.edu.lb/fas/cs/
Ariel University,europe,il,https://www.ariel.ac.il/wp/cs/en/
Arizona State University,northamerica,us,https://scai.engineering.asu.edu/
Ashoka University,asia,in,https://www.ashoka.edu.in/department/department-of-cs/
Auburn University,northamerica,us,https://www.eng.auburn.edu/comp/
Augusta University,northamerica,us,https://www.augusta.edu/ccs/
Australian National University,australasia,au,https://comp.anu.edu.au/
BITS Pilani,asia,in,https://www.bits-pilani.ac.in/pilani/computer-science-information-systems/
BITS Pilani-Goa,asia,in,https://www.bits-pilani.ac.in/goa/computer-science-information-systems/
BUET,asia,bd,https://cse.buet.ac.bd
BUPT,asia,cn,https://scs.bupt.edu.cn
Babeș-Bolyai University,europe,ro,https://www.cs.ubbcluj.ro
Bangladesh Univ. of Professionals,asia,bd,https://bup.edu.bd/department_home/8
Bar-Ilan University,europe,il,https://cs.biu.ac.il/
Bauhaus University Weimar,europe,de,https://www.uni-weimar.de/en/media/structure/computer-science-department
Baylor University,northamerica,us,https://www.ecs.baylor.edu/programs-departments/computer-science
Beihang University,asia,cn,https://scse.buaa.edu.cn
Beijing Institute of Technology,asia,cn,https://cs.bit.edu.cn/
Beijing Jiaotong University,asia,cn,http://scit.bjtu.edu.cn/csen/
Beijing Normal University,asia,cn,https://english.bnu.edu.cn/schoolsdepartments/byx/113311.htm
Ben-Gurion University of the Negev,europe,il,https://www.cs.bgu.ac.il
Bielefeld University,europe,de,https://www.uni-bielefeld.de/fakultaeten/technische-fakultaet/
Bilkent University,europe,tr,https://www.cs.bilkent.edu.tr
Binghamton University,northamerica,us,https://www.binghamton.edu/computer-science/
Birkbeck University of London,europe,gb,https://www.dcs.bbk.ac.uk
Bocconi University,europe,it,https://cs.unibocconi.eu
Boise State University,northamerica,us,https://www.boisestate.edu/coen-cs/
Boston College,northamerica,us,https://www.bc.edu/bc-web/schools/morrissey/departments/computer-science.html
Boston University,northamerica,us,https://www.bu.edu/cs/
Boğaziçi University,europe,tr,https://www.cmpe.boun.edu.tr
Brandeis University,northamerica,us,https://www.brandeis.edu/computer-science/
Brandenburg Univ. of Technology,europe,de,https://www.b-tu.de/en/institut-fuer-informatik
Brigham Young University,northamerica,us,https://cs.byu.edu
Brno University of Technology,europe,cz,https://www.fit.vut.cz
Brock University,northamerica,ca,https://brocku.ca/mathematics-science/computer-science/
Brown University,northamerica,us,https://cs.brown.edu/
Brunel University London,europe,gb,https://www.brunel.ac.uk/computer-science
Bundeswehr University Munich,europe,de,https://www.unibw.de/home-en/departments/department-of-computer-science
CISPA Helmholtz Center,europe,de,https://cispa.saarland
CMI,asia,in,https://www.cmi.ac.in
CNRS,europe,fr,https://www.ins2i.cnrs.fr/en
CRIStAL,europe,fr,https://www.cristal.univ-lille.fr
CUHK (SZ),asia,cn,https://sds.cuhk.edu.cn
CUNY,northamerica,us,https://www.gc.cuny.edu/computer-science
CWI,europe,nl,https://www.cwi.nl/en/
California Inst. of Technology,northamerica,us,https://www.cms.caltech.edu/
Cardiff University,europe,gb,https://www.cardiff.ac.uk/computer-science
Carleton University,northamerica,ca,https://carleton.ca/scs/
Carnegie Mellon University,northamerica,us,https://www.csd.cs.cmu.edu/
Case Western Reserve University,northamerica,us,https://engineering.case.edu/computer-and-data-sciences
Central South University,asia,cn,https://cse.csu.edu.cn/
Chalmers/GU,europe,se,https://www.chalmers.se/en/departments/cse/
Charles University,europe,cz,https://cs.mff.cuni.cz/en
Chinese Academy of Sciences,asia,cn,http://english.ict.cas.cn/
Chinese University of Hong Kong,asia,hk,https://www.cse.cuhk.edu.hk/
Chittagong Univ. of Eng. & Technology,asia,bd,https://cuet.ac.bd/department/cse
Chongqing University,asia,cn,https://www.cse.cqu.edu.cn
Chulalongkorn University,asia,th,https://www.cp.eng.chula.ac.th/
Chung-Ang University,asia,kr,https://cse.cau.ac.kr/eng/
City University of Hong Kong,asia,hk,https://www.cs.cityu.edu.hk
City University of London,europe,gb,https://www.city.ac.uk/about/schools/science-technology/computer-science
City University of Macau,asia,mo,https://fds.cityu.edu.mo
Claremont Graduate University,northamerica,us,https://www.cgu.edu/school/center-for-information-systems-and-technology/
Clemson University,northamerica,us,https://www.clemson.edu/cecas/departments/computing/
Cleveland State University,northamerica,us,https://engineering.csuohio.edu/cs
College of William and Mary,northamerica,us,https://www.wm.edu/as/computerscience/
Colorado School of Mines,northamerica,us,https://cs.mines.edu/
Colorado State University,northamerica,us,https://compsci.colostate.edu/
Columbia University,northamerica,us,https://www.cs.columbia.edu/
Concordia University,northamerica,ca,https://www.concordia.ca/ginacody/computer-science-software-eng.html
Cornell University,northamerica,us,https://www.cs.cornell.edu/
Cyprus University of Technology,europe,cy,https://www.cut.ac.cy/faculties/fet/eecei/
Czech Technical University,europe,cz,https://cmp.felk.cvut.cz
DAIICT,asia,in,https://www.daiict.ac.in
DGIST,asia,kr,https://eecs.dgist.ac.kr/en/
DTU,europe,dk,https://www.compute.dtu.dk/
Dalhousie University,northamerica,ca,https://www.dal.ca/faculty/computerscience.html
Dartmouth College,northamerica,us,https://web.cs.dartmouth.edu/
De La Salle University,asia,ph,https://www.dlsu.edu.ph/colleges/ccs/
DePaul University,northamerica,us,https://www.cdm.depaul.edu
Drexel University,northamerica,us,https://drexel.edu/cci/academics/computer-science-department/
Duke University,northamerica,us,https://cs.duke.edu/
Durham University,europe,gb,https://www.durham.ac.uk/departments/academic/computer-science/
EPFL,europe,ch,https://www.epfl.ch/schools/ic/
ETH Zurich,europe,ch,https://inf.ethz.ch/
ETS Montreal,northamerica,ca,https://www.etsmtl.ca
EURECOM,europe,fr,https://www.eurecom.fr
East China Normal University,asia,cn,https://cs.ecnu.edu.cn/
Ecole Normale Superieure,europe,fr,https://www.di.ens.fr/
Ecole Normale Superieure de Cachan,europe,fr,https://www.lsv.ens-cachan.fr
Ecole Normale Superieure de Lyon,europe,fr,https://informatique.ens-lyon.fr
Ecole Normale Superieure de Rennes,europe,fr,http://www.ens-rennes.fr/research-in-computer-sciences-and-telecommunications-157088.kjsp
Emory University,northamerica,us,https://computerscience.emory.edu/
Federal University of Rio Grande,southamerica,br,https://www.paulo.c3.furg.br
Florida Atlantic University,northamerica,us,https://www.fau.edu/engineering/eecs/
Florida Institute of Technology,northamerica,us,https://cs.fit.edu/
Florida International University,northamerica,us,https://www.cis.fiu.edu/
Florida State University,northamerica,us,https://www.cs.fsu.edu/
Freie Universitaet Berlin,europe,de,https://www.mi.fu-berlin.de/en/inf/
Friedrich Schiller University Jena,europe,de,https://www.fmi.uni-jena.de
Fudan University,asia,cn,https://www.cs.fudan.edu.cn
GIST,asia,kr,https://eecs.gist.ac.kr/
GSSI,europe,it,https://cs.gssi.it
Galatasaray University,europe,tr,https://bm.gsu.edu.tr/en
George Mason University,northamerica,us,https://cs.gmu.edu/
George Washington University,northamerica,us,https://cs.engineering.gwu.edu/
Georgetown University,northamerica,us,https://cs.georgetown.edu/
Georgia Institute of Technology,northamerica,us,https://www.cc.gatech.edu/
Georgia State University,northamerica,us,https://csds.gsu.edu/
Goethe University Frankfurt,europe,de,https://www.goethe-university-frankfurt.de/106076806/Institute_of_Computer_Science
Goldsmiths University of London,europe,gb,https://www.gold.ac.uk/computing/
Graz University of Technology,europe,at,https://www.tugraz.at/fakultaeten/csbme/home
Griffith University,australasia,au,https://www.griffith.edu.au/griffith-sciences/school-information-communication-technology
HEC Montreal,northamerica,ca,https://www.hec.ca/en/it/
HKUST,asia,hk,https://cse.hkust.edu.hk/
HSE University,europe,ru,https://cs.hse.ru/en/
HUST,asia,cn,http://english.cs.hust.edu.cn/
Hacettepe University,europe,tr,https://web.cs.hacettepe.edu.tr
Hamburg University of Technology,europe,de,https://www.tuhh.de/tuhh/en/schools/electrical-engineering-computer-science-and-mathematics
Hanyang University,asia,kr,http://cse.hanyang.ac.kr/eng/
Harbin Institute of Technology,asia,cn,https://encs.hit.edu.cn/
Harvard University,northamerica,us,https://seas.harvard.edu/computer-science
Hasso Plattner Institute,europe,de,https://hpi.de
Hebrew University of Jerusalem,europe,il,https://www.cs.huji.ac.il/
Heidelberg University,europe,de,https://www.informatik.uni-heidelberg.de/
Heriot-Watt University,europe,gb,https://www.hw.ac.uk/about/our-schools/mathematical-and-computer-sciences/
Hong Kong Baptist University,asia,hk,https://www.comp.hkbu.edu.hk
Humboldt University of Berlin,europe,de,https://www.informatik.hu-berlin.de/en
Hunan University,asia,cn,https://csee.hnu.edu.cn
Hunan University of Science and Technology,asia,cn,https://computer.hnust.edu.cn
IGDTUW,asia,in,https://www.igdtuw.ac.in/departments/computer-science-and-engineering
IIIT Bangalore,asia,in,https://cse.iiitb.ac.in/
IIIT Delhi,asia,in,https://cse.iiitd.ac.in/
IIIT Hyderabad,asia,in,https://www.iiit.ac.in
IISc Bangalore,asia,in,https://www.csa.iisc.ac.in/
IIT (BHU) Varanasi,asia,in,https://www.iitbhu.ac.in/dept/cse
IIT (ISM) Dhanbad,asia,in,https://cse.iitism.ac.in/
IIT Bhilai,asia,in,https://www.iitbhilai.ac.in/index.php?pid=dept_cse
IIT Bhubaneswar,asia,in,https://secs.iitbbs.ac.in/
IIT Bombay,asia,in,https://www.cse.iitb.ac.in/
IIT Delhi,asia,in,https://www.cse.iitd.ac.in/
IIT Dharwad,asia,in,https://cse.iitdh.ac.in/
IIT Gandhinagar,asia,in,https://cs.iitgn.ac.in/
IIT Goa,asia,in,https://iitgoa.ac.in/computer-science-about/
IIT Guwahati,asia,in,https://www.iitg.ac.in/cse/
IIT Hyderabad,asia,in,https://cse.iith.ac.in/
IIT Indore,asia,in,https://cse.iiti.ac.in/
IIT Jammu,asia,in,https://www.iitjammu.ac.in/computer_science_engineering
IIT Jodhpur,asia,in,https://www.iitj.ac.in/computer-science-engineering
IIT Kanpur,asia,in,https://www.cse.iitk.ac.in
IIT Kharagpur,asia,in,https://cse.iitkgp.ac.in
IIT Madras,asia,in,https://www.cse.iitm.ac.in
IIT Mandi,asia,in,https://scee.iitmandi.ac.in/
IIT Palakkad,asia,in,https://cse.iitpkd.ac.in/
IIT Patna,asia,in,https://www.iitp.ac.in/departments/engineering-technology/computer-science-and-engineering
IIT Roorkee,asia,in,https://cse.iitr.ac.in/
IIT Ropar,asia,in,https://cse.iitrpr.ac.in/
IIT Tirupati,asia,in,https://cse.iittp.ac.in/
IMDEA Networks Institute,europe,es,https://networks.imdea.org
IMDEA Software Institute,europe,es,https://software.imdea.org
IMSc,asia,in,https://www.imsc.res.in
INRIA,europe,fr,https://cambium.inria.fr
INSAIT,europe,bg,https://insait.ai
IPI PAN,europe,pl,https://ipipan.waw.pl
IPM,asia,ir,https://cs.ipm.ac.ir
ISI Kolkata,asia,in,https://www.isical.ac.in
IST Austria,europe,at,https://ist.ac.at/en/research/
IT University of Copenhagen,europe,dk,https://en.itu.dk/
IUPUI,northamerica,us,https://cs.iupui.edu
IUST,asia,ir,https://ce.iust.ac.ir
Illinois Institute of Technology,northamerica,us,https://www.iit.edu/computer-science
Imperial College London,europe,gb,https://www.imperial.ac.uk/computing/
Indiana State University,northamerica,us,https://cs.indstate.edu
Indiana University,northamerica,us,https://cs.indiana.edu/
Institut Polytechnique de Paris,europe,fr,https://cs.ip-paris.fr/
Iowa State University,northamerica,us,https://www.cs.iastate.edu/
Islamic University of Technology,asia,bd,https://cse.iutoic-dhaka.edu/
Istanbul Technical University,europe,tr,https://bbf.itu.edu.tr/en
Istanbul University-Cerrahpaşa,europe,tr,https://bilgisayarmuhendislik.iuc.edu.tr/en
Izmir Institute of Technology,europe,tr,https://ceng.iyte.edu.tr
JKU Linz,europe,at,https://informatik.jku.at/
JUST,asia,jo,https://www.just.edu.jo/FacultiesandDepartments/it/Departments/cs/
Jacobs University Bremen,europe,de,https://constructor.university/research/school-of-computer-science-and-engineering
Jadavpur University,asia,in,https://cse.jadavpuruniversity.in/
Jagiellonian University,europe,pl,https://ii.uj.edu.pl/en_GB/
Jahangirnagar University,asia,bd,https://juniv.edu/department/cse
Jaypee Univ. of Info. Tech.,asia,in,https://www.juit.ac.in/
Jilin University,asia,cn,https://ccst.jlu.edu.cn
Johns Hopkins University,northamerica,us,https://www.cs.jhu.edu/
KAIST,asia,kr,https://cs.kaist.ac.kr/
KAUST,asia,sa,https://www.kaust.edu.sa
KIIT Bhubaneswar,asia,in,https://cse.kiit.ac.in
KMUTNB,asia,th,https://tggs.kmutnb.ac.th
KTH Royal Inst. of Technology,europe,se,https://www.kth.se/cs/department-of-computer-science-1.1027648
KU Leuven,europe,be,https://wms.cs.kuleuven.be/cs/english
Kansas State University,northamerica,us,https://www.cs.ksu.edu/
Karlsruhe Inst. of Technology,europe,de,https://www.informatik.kit.edu/english/
Keio University,asia,jp,https://www.st.keio.ac.jp
Kempelen Institute - KInIT,europe,sk,https://kinit.sk
Kent State University,northamerica,us,https://www.kent.edu/cs
Khulna Univ. of Eng. & Technology,asia,bd,https://kuet.ac.bd/department/CSE/
King Abdulaziz University,asia,sa,https://www.kau.edu.sa
King's College London,europe,gb,https://www.kcl.ac.uk/informatics
Korea University,asia,kr,https://cs.korea.edu/en_cs/index.do
Koç University,europe,tr,https://mysite.ku.edu.tr
Kyoto University,asia,jp,https://www.i.kyoto-u.ac.jp/en/
Kyung Hee University,asia,kr,https://networking.khu.ac.kr
Kyungpook National University,asia,kr,https://computer.knu.ac.kr/eng/index.php
LIU Post,northamerica,us,https://liu.edu/post/academics/school-of-computer-science-and-innovation
LMU Munich,europe,de,https://www.ifi.lmu.de/
LUMS,asia,pk,https://lums.edu.pk
Lancaster University,europe,gb,https://www.lancaster.ac.uk/scc/
Lebanese American University,asia,lb,https://sas.lau.edu.lb
Lehigh University,northamerica,us,https://engineering.lehigh.edu/cse
Leiden University,europe,nl,https://liacs.leidenuniv.nl/
Loughborough University,europe,gb,https://www.lboro.ac.uk
Louisiana State University,northamerica,us,https://www.lsu.edu/eng/cse/
Louisiana Tech University,northamerica,us,https://coes.latech.edu/undergraduate-programs/computer-science/
Lund University,europe,se,https://cs.lth.se
MBZUAI,asia,ae,https://mbzuai.ac.ae
MUST,asia,mo,https://fie.must.edu.mo
Maastricht University,europe,nl,https://dke.maastrichtuniversity.nl
Macquarie University,australasia,au,https://www.mq.edu.au/faculty-of-science-and-engineering/departments-and-schools/school-of-computing
Malmö University,europe,se,https://mau.se
Masaryk University,europe,cz,https://www.muni.cz
Masdar Institute,asia,ae,https://www.masdar.ac.ae
Massachusetts Inst. of Technology,northamerica,us,https://www.eecs.mit.edu/
Massey University,australasia,nz,https://www.massey.ac.nz
Max Planck Society,europe,de,https://www.mpi-inf.mpg.de/
Maynooth University,europe,ie,https://www.maynoothuniversity.ie/computer-science
McGill University,northamerica,ca,https://www.cs.mcgill.ca/
McMaster University,northamerica,ca,https://www.eng.mcmaster.ca/cas/
Memorial Univ. of Newfoundland,northamerica,ca,https://www.mun.ca
Michigan State University,northamerica,us,https://www.cse.msu.edu/
Michigan Technological University,northamerica,us,https://www.mtu.edu/cs/
Middle East Technical University,europe,tr,https://user.ceng.metu.edu.tr
Middlesex University,europe,gb,https://www.mdx.ac.uk
Mississippi State University,northamerica,us,https://www.cse.msstate.edu/
Missouri S&T,northamerica,us,https://cs.mst.edu/
Mohammed VI Polytechnic University,africa,ma,https://cc.um6p.ma
Monash University,australasia,au,https://www.monash.edu/it/dsai
Monash University Indonesia,asia,id,https://www.monash.edu
Montana State University,northamerica,us,https://www.cs.montana.edu
Mälardalen University,europe,se,https://www.es.mdh.se
NAIST,asia,jp,https://isw3.naist.jp/
NISER,asia,in,https://www.niser.ac.in
NIT Jalandhar,asia,in,https://www.nitj.ac.in/cse/
NJIT,northamerica,us,https://cs.njit.edu/
NTNU,europe,no,https://www.ntnu.edu/idi
NTUA,europe,gr,https://www.ece.ntua.gr
NWPU,asia,cn,https://teacher.nwpu.edu.cn
NYU Abu Dhabi,asia,ae,https://nyuad.nyu.edu
NYU Shanghai,asia,cn,https://cs.shanghai.nyu.edu/
Nagoya University,asia,jp,https://www.i.nagoya-u.ac.jp/en/
Nanjing University,asia,cn,https://cs.nju.edu.cn
Nankai University,asia,cn,https://cs.nankai.edu.cn/
Nanyang Technological University,asia,sg,https://www.ntu.edu.sg/computing
Nara Inst. of Science and Tech.,asia,jp,https://isw3.naist.jp/
National Cheng Kung University,asia,tw,https://www.csie.ncku.edu.tw
National Chiao Tung University,asia,tw,https://www.cs.nctu.edu.tw
National Chung Cheng University,asia,tw,https://cs.ccu.edu.tw/
National Inst. of Informatics,asia,jp,https://www.nii.ac.jp
National Inst. of Tech. Silchar,asia,in,https://cs.nits.ac.in
National Inst. of Tech. Warangal,asia,in,https://wsdc.nitw.ac.in
National Taiwan University,asia,tw,https://www.csie.ntu.edu.tw/?locale=en
National Tsing Hua University,asia,tw,https://www.cs.nthu.edu.tw
National University of Singapore,asia,sg,https://www.comp.nus.edu.sg/
Naval Postgraduate School,northamerica,us,https://nps.edu/web/cs
New Mexico State University,northamerica,us,https://www.cs.nmsu.edu
New Mexico Tech,northamerica,us,https://www.nmt.edu/academics/compsci/index.php
New York Tech,northamerica,us,https://www.nyit.edu/academics/engineering-and-computing-sciences/computer-science/
New York University,northamerica,us,https://cs.nyu.edu/
Newcastle University,europe,gb,https://www.ncl.ac.uk/computing/
North Carolina State University,northamerica,us,https://csc.ncsu.edu/
North Dakota State University,northamerica,us,https://www.cs.ndsu.nodak.edu
Northeastern University,northamerica,us,https://www.khoury.northeastern.edu/
Northeastern University (China),asia,cn,https://cse.neu.edu.cn/
Northern Arizona University,northamerica,us,https://nau.edu/school-informatics-computing-cyber-systems/
Northwest University,asia,cn,https://ist.nwu.edu.cn
Northwestern University,northamerica,us,https://www.mccormick.northwestern.edu/computer-science/
Nova Southeastern University,northamerica,us,https://cec.nova.edu
OHSU,northamerica,us,https://www.ohsu.edu/school-of-medicine/medical-informatics-and-clinical-epidemiology
Oakland University,northamerica,us,https://www.oakland.edu/secs/departments/cse/
Ohio State University,northamerica,us,https://cse.osu.edu/
Ohio University,northamerica,us,https://www.ohio.edu/engineering/eecs
Oklahoma State University,northamerica,us,https://cs.okstate.edu
Old Dominion University,northamerica,us,https://www.cs.odu.edu
Ontario Tech University,northamerica,ca,https://engineering.ontariotechu.ca
Open University NL,europe,nl,https://www.ou.nl/en/onderzoeksgebied-informatica-promoveren
Open University UK,europe,gb,https://stem.open.ac.uk
Oregon State University,northamerica,us,https://eecs.oregonstate.edu/
Osaka University,asia,jp,https://www.ist.osaka-u.ac.jp
POSTECH,asia,kr,https://ecse.postech.ac.kr/
PTIT,asia,vn,https://english.ptit.edu.vn/
PUC-RIO,southamerica,br,https://www.inf.puc-rio.br
PUC-RS,southamerica,br,https://www.inf.pucrs.br
Pabna Univ. of Science and Technology,asia,bd,https://pust.ac.bd/academic/departments/dept_teachers/D01
Paderborn University,europe,de,https://cs.uni-paderborn.de
Peking University,asia,cn,https://cs.pku.edu.cn/English/Home.htm
Pennsylvania State University,northamerica,us,https://www.eecs.psu.edu/
Plaksha University,asia,in,https://plaksha.edu.in
Politecnico di Milano,europe,it,https://www.deib.polimi.it/eng/home-page
Politecnico di Torino,europe,it,https://www.dauin.polito.it/
Polytechnic Univ. of Catalonia,europe,es,https://www.cs.upc.edu/
Polytechnique Montreal,northamerica,ca,https://www.polymtl.ca/gigl/
Portland State University,northamerica,us,https://web.cecs.pdx.edu
Princeton University,northamerica,us,https://www.cs.princeton.edu/
Purdue University,northamerica,us,https://www.cs.purdue.edu/
Qatar Computing Research Inst.,asia,qa,https://www.qcri.org
Qatar University,asia,qa,https://www.qu.edu.qa
Queen Mary University of London,europe,gb,https://www.qmul.ac.uk/eecs/
Queen's University Belfast,europe,gb,https://www.qub.ac.uk
Queensland Univ. of Technology,australasia,au,https://www.qut.edu.au/about/faculty-of-science/school-of-computer-science
Queen’s University,northamerica,ca,https://www.cs.queensu.ca
RMIT University,australasia,au,https://www.rmit.edu.au/about/schools-colleges/computing-technologies
RWTH Aachen University,europe,de,https://www.informatik.rwth-aachen.de/
Radboud University,europe,nl,https://www.cs.ru.nl
Rajshahi Univ. of Eng. & Technology,asia,bd,https://www.cse.ruet.ac.bd/
Ravenshaw University,asia,in,https://ravenshawuniversity.ac.in
Renmin University of China,asia,cn,https://info.ruc.edu.cn
Rensselaer Polytechnic Institute,northamerica,us,https://compsci.rpi.edu/
Rice University,northamerica,us,https://cs.rice.edu/
Rochester Inst. of Technology,northamerica,us,https://www.rit.edu/computing/department-computer-science
Royal Holloway Univ. of London,europe,gb,https://pure.royalholloway.ac.uk
Royal Military College of Canada,northamerica,ca,https://www.rmc-cmr.ca/en/mathematics-and-computer-science/department-mathematics-and-computer-science
Ruhr-University Bochum,europe,de,https://www.ini.rub.de
Rutgers University,northamerica,us,https://www.cs.rutgers.edu/
SIU Carbondale,northamerica,us,https://www2.cs.siu.edu
SUAT,asia,cn,https://suat-sz.edu.cn/en/Faculties/Faculty_of_Computer_Science_and_Control_Engineer.htm
SUFE,asia,cn,https://itcs.shufe.edu.cn
SUSTech,asia,cn,https://cse.sustech.edu.cn/en/
SUTD,asia,sg,https://istd.sutd.edu.sg
Saarland University,europe,de,https://www.uni-saarland.de/en/department/computer-science.html
Sabancı University,europe,tr,https://cs.sabanciuniv.edu/
Sapienza University of Rome,europe,it,https://www.diag.uniroma1.it/en
Scuola Superiore Sant'Anna,europe,it,https://retis.sssup.it
Seoul National University,asia,kr,https://cse.snu.ac.kr/en
Shahid Beheshti University,asia,ir,https://facultymembers.sbu.ac.ir
Shandong University,asia,cn,https://www.cs.sdu.edu.cn
Shanghai Jiao Tong University,asia,cn,https://www.cs.sjtu.edu.cn/en/
ShanghaiTech University,asia,cn,https://sist.shanghaitech.edu.cn
Sharif University of Technology,asia,ir,https://sharif.edu
Shenzhen University,asia,cn,https://csse.szu.edu.cn
Shiv Nadar University,asia,in,https://www.snu.edu.in
Sichuan University,asia,cn,https://cs.scu.edu.cn
Simon Fraser University,northamerica,ca,https://www.sfu.ca/computing.html
Simula UiB,europe,no,https://www.simula.no/research/projects/simula-uib
Singapore Management University,asia,sg,https://scis.smu.edu.sg
Soochow University,asia,cn,https://web.suda.edu.cn
South Asian University,asia,in,https://sau.int
South China Univ. of Technology,asia,cn,https://www2.scut.edu.cn/ft/
Southeast University,asia,cn,https://cse.seu.edu.cn/
Southern Methodist University,northamerica,us,https://www.smu.edu/lyle/departments/cs
Stanford University,northamerica,us,https://www.cs.stanford.edu/
Stellenbosch University,africa,za,https://www.cs.sun.ac.za
Stevens Institute of Technology,northamerica,us,https://www.cs.stevens.edu
Stony Brook University,northamerica,us,https://www.cs.stonybrook.edu/
Sun Yat-sen University,asia,cn,https://cse.sysu.edu.cn
Sungkyunkwan University,asia,kr,https://cse.skku.edu/eng_cse/index.do
Syracuse University,northamerica,us,https://ecs.syracuse.edu/
THWS,europe,de,https://fiw.thws.de
TOBB ETÜ,europe,tr,https://www.etu.edu.tr
TTI Chicago,northamerica,us,https://ttic.uchicago.edu
TU Berlin,europe,de,https://www.tu.berlin/en/eecs
TU Braunschweig,europe,de,https://www.ibr.cs.tu-bs.de
TU Chemnitz,europe,de,https://www.tu-chemnitz.de
TU Clausthal,europe,de,https://www.isse.tu-clausthal.de
TU Crete,europe,gr,https://www.ece.tuc.gr/en/home
TU Darmstadt,europe,de,https://www.informatik.tu-darmstadt.de/
TU Delft,europe,nl,https://www.tudelft.nl/en/eemcs
TU Dortmund,europe,de,https://ls4-www.cs.tu-dortmund.de
TU Dresden,europe,de,https://tu-dresden.de/ing/informatik
TU Eindhoven,europe,nl,https://www.win.tue.nl
TU Freiberg,europe,de,https://tu-freiberg.de
TU Ilmenau,europe,de,https://www.tu-ilmenau.de
TU Kaiserslautern,europe,de,https://anthonywlin.github.io
TU Munich,europe,de,https://www.cs.cit.tum.de/en/cs/home/
TU Wien,europe,at,https://informatics.tuwien.ac.at/
Tallinn University of Technology,europe,ee,https://taltech.ee/en/school-of-information-technologies
Tampere University,europe,fi,https://www.tuni.fi
Tata Inst. of Fundamental Research,asia,in,https://www.tcs.tifr.res.in
TeIAS,asia,ir,https://teias.institute
Technion,europe,il,https://www.cs.technion.ac.il/
Tel Aviv University,europe,il,https://en-exact-sciences.tau.ac.il/computer
Temple University,northamerica,us,https://cis.temple.edu/
Texas A&M University,northamerica,us,https://engineering.tamu.edu/cse/
Texas A&M at Qatar,asia,qa,https://www.qatar.tamu.edu
Texas State University,northamerica,us,https://www.cs.txstate.edu
Texas Tech University,northamerica,us,https://www.depts.ttu.edu/cs/
The Catholic University of Korea,asia,kr,https://csie.catholic.ac.kr/
The Hong Kong Polytechnic Univ.,asia,hk,https://www4.comp.polyu.edu.hk
The University of Alabama,northamerica,us,https://cs.ua.edu
Tianjin University,asia,cn,https://cic.tju.edu.cn
Tilburg University,europe,nl,https://www.tilburguniversity.edu/about/schools/tshd/departments/dca
Tokyo Institute of Technology,asia,jp,https://www.is.c.titech.ac.jp
Tongji University,asia,cn,https://sse.tongji.edu.cn
Toronto Metropolitan University,northamerica,ca,https://www.scs.torontomu.ca
Towson University,northamerica,us,https://www.towson.edu/fcsm/departments/computerinfosci/
Trinity College Dublin,europe,ie,https://www.scss.tcd.ie
Tsinghua University,asia,cn,https://www.cs.tsinghua.edu.cn/csen/
Tufts University,northamerica,us,https://engineering.tufts.edu/cs/
Tulane University,northamerica,us,https://www.cs.tulane.edu
UAEU,asia,ae,https://www.uaeu.ac.ae
UC Chile,southamerica,cl,https://www.ing.uc.cl
UCCS,northamerica,us,https://www.cs.uccs.edu
UESTC,asia,cn,https://www.is.uestc.edu.cn
UFC,southamerica,br,https://dc.ufc.br/
UFF,southamerica,br,https://www2.ic.uff.br
UFMG,southamerica,br,https://homepages.dcc.ufmg.br
UFMS,southamerica,br,https://www.facom.ufms.br
UFPE,southamerica,br,https://www.cin.ufpe.br
UFPR,southamerica,br,https://www.inf.ufpr.br
UFRGS,southamerica,br,https://www.inf.ufrgs.br
UFRJ,southamerica,br,https://www.cos.ufrj.br
UFU,southamerica,br,https://www.facom.ufu.br
UNC - Charlotte,northamerica,us,https://cci.charlotte.edu
UNC - Greensboro,northamerica,us,https://compsci.uncg.edu/
UNICAMP,southamerica,br,https://www.ic.unicamp.br
UNIST,asia,kr,https://cse.unist.ac.kr/eng/
UNSW,australasia,au,https://www.unsw.edu.au/engineering/our-schools/computer-science-and-engineering
USP,southamerica,br,https://www.ime.usp.br
USP-ICMC,southamerica,br,https://conteudo.icmc.usp.br
USTC,asia,cn,https://en.cs.ustc.edu.cn/
UiT The Arctic Univ. of Norway,europe,no,https://uit.no
Univ. of Arkansas - Little Rock,northamerica,us,https://ualr.edu/computerscience/
Univ. of California - Berkeley,northamerica,us,https://eecs.berkeley.edu/
Univ. of California - Davis,northamerica,us,https://cs.ucdavis.edu/
Univ. of California - Irvine,northamerica,us,https://cs.ics.uci.edu/
Univ. of California - Los Angeles,northamerica,us,https://www.cs.ucla.edu/
Univ. of California - Merced,northamerica,us,https://engineering.ucmerced.edu/departments/computer-science-engineering-cse
Univ. of California - Riverside,northamerica,us,https://www.cs.ucr.edu
Univ. of California - San Diego,northamerica,us,https://cse.ucsd.edu/
Univ. of California - Santa Barbara,northamerica,us,https://cs.ucsb.edu/
Univ. of California - Santa Cruz,northamerica,us,https://engineering.ucsc.edu/departments/computer-science-and-engineering/
Univ. of Illinois at Urbana-Champaign,northamerica,us,https://siebelschool.illinois.edu/
Univ. of Louisiana - Lafayette,northamerica,us,https://computing.louisiana.edu/
Univ. of Maryland - Baltimore County,northamerica,us,https://www.csee.umbc.edu
Univ. of Maryland - College Park,northamerica,us,https://www.cs.umd.edu/
Univ. of Massachusetts Amherst,northamerica,us,https://www.cics.umass.edu/
Univ. of Missouri - Kansas City,northamerica,us,https://sse.umkc.edu/academics/programs/computer-science-and-information-technology.html
Univ. of Modena and Reggio Emilia,europe,it,https://personale.unimore.it
Univ. of Wisconsin - Milwaukee,northamerica,us,https://uwm.edu/engineering/departments/computer-science/
Universidad Nacional de Córdoba,southamerica,ar,https://cs.famaf.unc.edu.ar
Universidad Rey Juan Carlos,europe,es,https://www.tsc.urjc.es
Universidad de Chile,southamerica,cl,https://www.dcc.uchile.cl
Universidad de Zaragoza,europe,es,https://webdiis.unizar.es
Universidad de los Andes,southamerica,co,https://profesores.virtual.uniandes.edu.co
Universidade Federal de Viçosa,southamerica,br,https://www2.dpi.ufv.br
Universidade NOVA de Lisboa,europe,pt,https://userweb.fct.unl.pt
Universidade de Brasília,southamerica,br,https://cic.unb.br
Universidade de Lisboa,europe,pt,https://dei.tecnico.ulisboa.pt/en/
University College Dublin,europe,ie,https://www.ucd.ie/cs/
University College London,europe,gb,https://www.ucl.ac.uk/computer-science/
University at Albany - SUNY,northamerica,us,https://www.albany.edu/computer-science
University at Buffalo,northamerica,us,https://cse.buffalo.edu
University of A Coruña,europe,es,https://pdi.udc.es
University of Aberdeen,europe,gb,https://www.abdn.ac.uk
University of Alabama - Birmingham,northamerica,us,https://www.uab.edu/cas/computerscience/
University of Alabama - Huntsville,northamerica,us,https://www.uah.edu/science/departments/computer-science
University of Alberta,northamerica,ca,https://www.ualberta.ca/en/computing-science/
University of Amsterdam,europe,nl,https://ivi.uva.nl/
University of Antwerp,europe,be,https://www.uantwerpen.be
University of Arizona,northamerica,us,https://www.cs.arizona.edu/
University of Arkansas,northamerica,us,https://www.csce.uark.edu
University of Athens,europe,gr,https://cgi.di.uoa.gr
University of Auckland,australasia,nz,https://www.cs.auckland.ac.nz
University of Augsburg,europe,de,https://www.uni-augsburg.de
University of Bamberg,europe,de,https://www.uni-bamberg.de
University of Basel,europe,ch,https://dmi.unibas.ch
University of Bath,europe,gb,https://www.bath.ac.uk/departments/department-of-computer-science/
University of Bayreuth,europe,de,https://www.ai2.uni-bayreuth.de
University of Bergen,europe,no,https://www.ii.uib.no
University of Bern,europe,ch,https://www.iam.unibe.ch
University of Birmingham,europe,gb,https://www.birmingham.ac.uk/schools/computer-science/
University of Bonn,europe,de,https://www.informatik.uni-bonn.de/en
University of Bremen,europe,de,https://www.informatik.uni-bremen.de
University of Bristol,europe,gb,https://www.bristol.ac.uk/engineering/schools/computer-science/
University of British Columbia,northamerica,ca,https://www.cs.ubc.ca/
University of Buenos Aires,southamerica,ar,https://www.dc.uba.ar
University of Cagliari,europe,it,https://web.unica.it/unica/en/dip_matinfo.page
University of Calgary,northamerica,ca,https://science.ucalgary.ca/computer-science
University of Cambridge,europe,gb,https://www.cst.cam.ac.uk/
University of Canterbury,australasia,nz,https://www.cosc.canterbury.ac.nz
University of Cape Town,africa,za,https://www.cs.uct.ac.za/
University of Catania,europe,it,https://www.dmi.unict.it
University of Central Florida,northamerica,us,https://www.cs.ucf.edu
University of Chicago,northamerica,us,https://computerscience.uchicago.edu/
University of Chittagong,asia,bd,https://cu.ac.bd/cse/
University of Cincinnati,northamerica,us,https://www.ceas.uc.edu/academics/departments/computer-science.html
University of Cologne,europe,de,https://cs.uni-koeln.de
University of Colorado - Denver,northamerica,us,https://engineering.ucdenver.edu/departments/computer-science-and-engineering
University of Colorado Boulder,northamerica,us,https://www.colorado.edu/cs/
University of Connecticut,northamerica,us,https://computing.engineering.uconn.edu/
University of Copenhagen,europe,dk,https://di.ku.dk/english/
University of Crete,europe,gr,https://www.csd.uoc.gr
University of Delaware,northamerica,us,https://www.cis.udel.edu/
University of Delhi,asia,in,https://cs.du.ac.in/
University of Denver,northamerica,us,https://ritchieschool.du.edu/computer-science
University of Dhaka,asia,bd,https://du.ac.bd
University of Duisburg-Essen,europe,de,https://www.uni-due.de
University of Dundee,europe,gb,https://www.computing.dundee.ac.uk
University of Düsseldorf,europe,de,https://www.cs.hhu.de
University of Edinburgh,europe,gb,https://informatics.ed.ac.uk/
University of Erlangen–Nuremberg,europe,de,https://lme.tf.fau.de
University of Essex,europe,gb,https://www.essex.ac.uk
University of Exeter,europe,gb,https://computerscience.exeter.ac.uk/
University of Florida,northamerica,us,https://cise.ufl.edu/
University of Freiburg,europe,de,https://www.informatik.uni-freiburg.de/
University of Fribourg,europe,ch,https://www.unifr.ch
University of Geneva,europe,ch,https://www.unige.ch/dinfo/en/
University of Georgia,northamerica,us,https://cobweb.cs.uga.edu
University of Glasgow,europe,gb,https://www.gla.ac.uk/schools/computing/
University of Groningen,europe,nl,https://www.rug.nl
University of Guelph,northamerica,ca,https://www.uoguelph.ca/computing/
University of Göttingen,europe,de,https://www.uni-goettingen.de/en/institute+of+computer+science/619480.html
University of Haifa,europe,il,https://cs.haifa.ac.il/
University of Halle-Wittenberg,europe,de,https://www.informatik.uni-halle.de
University of Hamburg,europe,de,https://www.inf.uni-hamburg.de/en.html
University of Hannover,europe,de,https://www.tnt.uni-hannover.de
University of Hawaii at Manoa,northamerica,us,https://www.ics.hawaii.edu/
University of Helsinki,europe,fi,https://www.helsinki.fi/en/faculty-science/faculty/computer-science
University of Hildesheim,europe,de,https://www.uni-hildesheim.de/en/fb4/institute/ifi/
University of Hong Kong,asia,hk,https://www.cs.hku.hk/
University of Houston,northamerica,us,https://www2.cs.uh.edu
University of Idaho,northamerica,us,https://www.uidaho.edu/engr/departments/cs
University of Illinois at Chicago,northamerica,us,https://www.cs.uic.edu
University of Innsbruck,europe,at,https://www.uibk.ac.at/en/informatik/
University of Ioannina,europe,gr,https://cs.uoi.gr
University of Iowa,northamerica,us,https://cs.uiowa.edu/
University of Jinan,asia,cn,https://cilab.ujn.edu.cn/
University of Jordan,asia,jo,https://eacademic.ju.edu.jo
University of Kansas,northamerica,us,https://eecs.ku.edu/
University of Kassel,europe,de,https://www.uni-kassel.de/eecs/en
University of Kent,europe,gb,https://www.cs.kent.ac.uk
University of Kentucky,northamerica,us,https://cs.engr.uky.edu/
University of Kiel,europe,de,https://www.zs.informatik.uni-kiel.de
University of Klagenfurt,europe,at,https://www.aau.at/en/tewi/
University of Koblenz-Landau,europe,de,https://www.uni-koblenz.de/en/computer-science
University of Konstanz,europe,de,https://www.informatik.uni-konstanz.de/en/
University of L'Aquila,europe,it,https://www.disim.univaq.it/
University of Latvia,europe,lv,https://www.lu.lv/en/about-us/structure/institutes/ul-institute-of-mathematics-and-computer-science/
University of Leeds,europe,gb,https://eps.leeds.ac.uk/computing
University of Leipzig,europe,de,https://www.informatik.uni-leipzig.de
University of Liverpool,europe,gb,https://www.liverpool.ac.uk/computer-science/
University of Louisville,northamerica,us,https://engineering.louisville.edu/academics/departments/computer/
University of Luxembourg,europe,lu,https://wwwen.uni.lu
University of Lübeck,europe,de,https://www.imis.uni-luebeck.de
University of Macau,asia,mo,https://www.fst.um.edu.mo
University of Magdeburg,europe,de,https://isgwww.cs.uni-magdeburg.de
University of Maine,northamerica,us,https://umaine.edu/cs/
University of Mainz,europe,de,https://www.cs.uni-mainz.de
University of Malaya,asia,my,https://fsktm.um.edu.my/
University of Malta,europe,mt,https://www.um.edu.mt/ict/cs/
University of Manchester,europe,gb,https://www.cs.manchester.ac.uk/
University of Manitoba,northamerica,ca,https://www.cs.umanitoba.ca
University of Mannheim,europe,de,https://www.wim.uni-mannheim.de/en/
University of Marburg,europe,de,https://www.uni-marburg.de/en/fb12
University of Massachusetts Boston,northamerica,us,https://www.cs.umb.edu
University of Massachusetts Lowell,northamerica,us,https://www.uml.edu/sciences/computer-science/
University of Melbourne,australasia,au,https://cis.unimelb.edu.au/
University of Memphis,northamerica,us,https://www.memphis.edu/cs/
University of Miami,northamerica,us,https://www.cs.miami.edu
University of Michigan,northamerica,us,https://cse.engin.umich.edu/
University of Michigan-Dearborn,northamerica,us,https://umdearborn.edu/cecs/departments/computer-and-information-science
University of Michigan-Flint,northamerica,us,https://www.umflint.edu/cit/
University of Minnesota,northamerica,us,https://cse.umn.edu/cs
University of Mississippi,northamerica,us,https://cs.olemiss.edu/
University of Missouri,northamerica,us,https://engineering.missouri.edu/departments/eecs/
University of Molise,europe,it,https://docenti.unimol.it
University of Montreal,northamerica,ca,https://diro.umontreal.ca/english/home/
University of Moratuwa,asia,lk,https://www.cse.mrt.ac.lk/
University of Murcia,europe,es,https://webs.um.es
University of Münster,europe,de,https://www.uni-muenster.de
University of Nebraska,northamerica,us,https://cse.unl.edu/
University of Nebraska - Omaha,northamerica,us,https://www.unomaha.edu/college-of-information-science-and-technology/computer-science/index.php
University of Nevada,northamerica,us,https://www.cse.unr.edu
University of Nevada Las Vegas,northamerica,us,https://www.unlv.edu/cs
University of New Brunswick,northamerica,ca,https://www.cs.unb.ca
University of New Hampshire,northamerica,us,https://www.cs.unh.edu
University of New Mexico,northamerica,us,https://www.cs.unm.edu/
University of New Orleans,northamerica,us,https://www.uno.edu/academics/cos/computer-science
University of Newcastle,australasia,au,https://www.newcastle.edu.au/school/information-physical-sciences
University of Nicosia,europe,cy,https://www.unic.ac.cy
University of North Carolina,northamerica,us,https://cs.unc.edu/
University of North Texas,northamerica,us,https://www.cse.unt.edu
University of Notre Dame,northamerica,us,https://cse.nd.edu/
University of Nottingham,europe,gb,https://www.nottingham.ac.uk/computerscience/
University of Oklahoma,northamerica,us,https://www.ou.edu/coe/cs
University of Oldenburg,europe,de,https://uol.de
University of Oregon,northamerica,us,https://scds.uoregon.edu/cs
University of Osnabrück,europe,de,https://www.informatik.uni-osnabrueck.de
University of Otago,australasia,nz,https://www.cs.otago.ac.nz
University of Ottawa,northamerica,ca,https://www.uottawa.ca/faculty-engineering/school-electrical-engineering-computer-science
University of Oxford,europe,gb,https://www.cs.ox.ac.uk/
University of Padova,europe,it,https://www.math.unipd.it
University of Passau,europe,de,https://www.fim.uni-passau.de
University of Patras,europe,gr,https://www.ceid.upatras.gr/en/home/
University of Pennsylvania,northamerica,us,https://www.cis.upenn.edu/
University of Peradeniya,asia,lk,https://sci.pdn.ac.lk
University of Piraeus,europe,gr,https://www.ds.unipi.gr
University of Pisa,europe,it,https://di.unipi.it/en/
University of Pittsburgh,northamerica,us,https://www.cs.pitt.edu/
University of Potsdam,europe,de,https://www.uni-potsdam.de/en/cs
University of Queensland,australasia,au,https://eecs.uq.edu.au/
University of Rajshahi,asia,bd,https://www.ru.ac.bd/cse/
University of Regensburg,europe,de,https://www.uni-regensburg.de/en/informatics-data-science
University of Regina,northamerica,ca,https://www.cs.uregina.ca
University of Rhode Island,northamerica,us,https://web.uri.edu/cs/
University of Rochester,northamerica,us,https://www.cs.rochester.edu/
University of Rostock,europe,de,https://vcg.informatik.uni-rostock.de
University of Salerno,europe,it,https://www.unisa.it
University of Salzburg,europe,at,https://www.cosy.sbg.ac.at
University of Sannio,europe,it,https://www.unisannio.it
University of Saskatchewan,northamerica,ca,https://www.cs.usask.ca
University of Sheffield,europe,gb,https://www.sheffield.ac.uk/cs
University of Siegen,europe,de,https://www.eti.uni-siegen.de
University of South Carolina,northamerica,us,https://www.cse.sc.edu
University of South Florida,northamerica,us,https://www.cse.usf.edu
University of Southampton,europe,gb,https://www.ecs.soton.ac.uk/
University of Southern California,northamerica,us,https://www.cs.usc.edu/
University of Southern Mississippi,northamerica,us,https://www.usm.edu/computing-sciences-computer-engineering/index.php
University of St Andrews,europe,gb,https://www.st-andrews.ac.uk/computer-science/
University of Strathclyde,europe,gb,https://pureportal.strath.ac.uk
University of Stuttgart,europe,de,https://www.f05.uni-stuttgart.de/en/cs/
University of Surrey,europe,gb,https://www.surrey.ac.uk
University of Sussex,europe,gb,https://www.sussex.ac.uk
University of Sydney,australasia,au,https://www.sydney.edu.au/engineering/schools/school-of-computer-science.html
University of Szeged,europe,hu,https://www.inf.u-szeged.hu
University of Tartu,europe,ee,https://cs.ut.ee/
University of Technology Sydney,australasia,au,https://www.uts.edu.au/about/faculties/engineering-and-information-technology/computer-science
University of Tennessee,northamerica,us,https://web.eecs.utk.edu
University of Texas - El Paso,northamerica,us,https://www.utep.edu/cs/
University of Texas at Arlington,northamerica,us,https://www.uta.edu/academics/schools-colleges/engineering/academics/departments/cse
University of Texas at Austin,northamerica,us,https://www.cs.utexas.edu/
University of Texas at Dallas,northamerica,us,https://cs.utdallas.edu/
University of Texas at San Antonio,northamerica,us,https://www.cs.utsa.edu
University of Tokyo,asia,jp,https://www.i.u-tokyo.ac.jp/edu/course/cs/index_e.shtml
University of Toronto,northamerica,ca,https://web.cs.toronto.edu/
University of Trento,europe,it,https://disi.unitn.it
University of Trier,europe,de,https://www.uni-trier.de
University of Tsukuba,asia,jp,https://www.cs.tsukuba.ac.jp/english/
University of Tulsa,northamerica,us,https://engineering.utulsa.edu/computer-science/
University of Twente,europe,nl,https://www.utwente.nl/en/eemcs/
University of Tübingen,europe,de,https://uni-tuebingen.de/en/faculties/faculty-of-science/departments/computer-science/department/
University of Udine,europe,it,https://dmif.uniud.it/en/
University of Ulm,europe,de,https://www.uni-ulm.de
University of Utah,northamerica,us,https://www.cs.utah.edu/
University of Vermont,northamerica,us,https://www.uvm.edu/cems/cs
University of Verona,europe,it,https://www.di.univr.it/?lang=en
University of Victoria,northamerica,ca,https://www.uvic.ca/ecs/computerscience/
University of Vienna,europe,at,https://informatik.univie.ac.at/en/
University of Virginia,northamerica,us,https://engineering.virginia.edu/department/computer-science
University of Waikato,australasia,nz,https://www.cms.waikato.ac.nz
University of Warsaw,europe,pl,https://www.mimuw.edu.pl/en/
University of Warwick,europe,gb,https://warwick.ac.uk/fac/sci/dcs/
University of Washington,northamerica,us,https://www.cs.washington.edu/
University of Waterloo,northamerica,ca,https://cs.uwaterloo.ca/
University of Western Australia,australasia,au,https://www.uwa.edu.au/schools/physics-mathematics-computing/department-of-computer-science-and-software-engineering
University of Windsor,northamerica,ca,https://www.uwindsor.ca
University of Wisconsin - Madison,northamerica,us,https://www.cs.wisc.edu/
University of Wollongong,australasia,au,https://www.uow.edu.au/engineering-information-sciences/schools-entities/scit/
University of Wroclaw,europe,pl,https://www.ii.uni.wroc.pl
University of Wuppertal,europe,de,https://www-num.math.uni-wuppertal.de
University of Wyoming,northamerica,us,https://www.uwyo.edu/cosc/department/index.html
University of Würzburg,europe,de,https://www.informatik.uni-wuerzburg.de
University of York,europe,gb,https://www.york.ac.uk/computer-science/
University of Zurich,europe,ch,https://www.ifi.uzh.ch/en.html
Università della Svizzera italiana,europe,ch,https://search.usi.ch
Université Jean Monnet,europe,fr,https://perso.univ-st-etienne.fr
Université Laval,northamerica,ca,https://www2.ift.ulaval.ca
Université Paris Cité,europe,fr,https://math-info.u-paris.fr/en/homepage/
Université Paris Dauphine,europe,fr,https://www.lamsade.dauphine.fr
Université de Mons,europe,be,https://web.umons.ac.be/fs-informatique/en/home/
Université de Sherbrooke,northamerica,ca,https://www.usherbrooke.ca
Université du Québec à Montréal,northamerica,ca,https://professeurs.uqam.ca
Université libre de Bruxelles,europe,be,https://www.ulb.ac.be
Uppsala University,europe,se,https://www.it.uu.se/
Utah State University,northamerica,us,https://cs.usu.edu/
Utrecht University,europe,nl,https://www.uu.nl
VISTEC,asia,th,https://vistec.ist
VNIT Nagpur,asia,in,https://vnit.ac.in
VU Amsterdam,europe,nl,https://vu.nl/en/about-vu/faculties/faculty-of-science/departments/computer-science
Vanderbilt University,northamerica,us,https://engineering.vanderbilt.edu/departments/computer-science/
Victoria University of Wellington,australasia,nz,https://ecs.victoria.ac.nz
VinUniversity,asia,vn,https://cecs.vinuni.edu.vn/
Virginia Commonwealth University,northamerica,us,https://egr.vcu.edu/departments/computer-science/
Virginia Tech,northamerica,us,https://cs.vt.edu/
Waseda University,asia,jp,https://www.waseda.jp/fsci/en/
Washington State University,northamerica,us,https://www.eecs.wsu.edu
Washington University in St. Louis,northamerica,us,https://cse.washu.edu/
Wayne State University,northamerica,us,https://www.cs.wayne.edu
Weizmann Institute of Science,europe,il,https://www.weizmann.ac.il/math/
West Virginia University,northamerica,us,https://lcsee.statler.wvu.edu/
Western Michigan University,northamerica,us,https://wmich.edu/cs
Western Sydney University,australasia,au,https://www.westernsydney.edu.au/schools/socdms
Western University,northamerica,ca,https://www.csd.uwo.ca
Westlake University,asia,cn,https://www.westlake.edu.cn
Wichita State University,northamerica,us,https://www.wichita.edu/SoC
Worcester Polytechnic Institute,northamerica,us,https://www.wpi.edu/academics/departments/computer-science
Wuhan University,asia,cn,https://cs.whu.edu.cn
Xi'an Jiaotong University,asia,cn,https://gr.xjtu.edu.cn
Xiamen University,asia,cn,https://informatics.xmu.edu.cn
Xidian University,asia,cn,https://web.xidian.edu.cn
Yale University,northamerica,us,https://cpsc.yale.edu/
Yangzhou University,asia,cn,https://xxgcxy.yzu.edu.cn
Yonsei University,asia,kr,https://computing.yonsei.ac.kr/eng/
York University,northamerica,ca,https://www.cse.yorku.ca
Yıldız Technical University,europe,tr,https://www.ce.yildiz.edu.tr
Zhejiang University,asia,cn,https://mypage.zju.edu.cn
Özyeğin University,europe,tr,https://cs.ozyegin.edu.tr/en

