name,year
A. J. Milner,1994
Aaron Finerman,1994
Aarti Gupta,2017
Abigail Sellen,2016
Abraham Kandel,1998
Abraham Silberschatz,1996
Adam Finkelstein,2014
Adele Goldberg,1994
Adolfo Guzman,2002
Adrian Perrig,2016
Ahmed K. Elmagarmid,2012
Ahmed Sameh,1999
Aidong Zhang,2017
Akinori Yonezawa,1999
Alan Bundy,2014
Alan C. Shaw,1997
Alan H. Barr,1995
Alan Borning,2001
Alan Kay,2008
Alan Newell,2006
Alan Selman,1998
Alan Smith,2001
Alan W. Biermann,2000
Albert G. Greenberg,2006
Albert J. Turner,1998
Albert R. Meyer,2000
Alberto L. Sangiovanni-Vincentelli,2014
Alexander Aiken,2008
Alexander L. Wolf,2006
Alexander Vardy,2017
Alfred V. Aho,1996
Alfred Z. Spector,2006
Alistair Sinclair,2012
Allan Borodin,2014
Allan Gottlieb,2004
Allen Tucker,1994
Allison Druin,2016
Alok N. Choudhary,2009
Alon Yitzchak Halevy,2006
Ambuj Goyal,2002
Amin Vahdat,2011
Amir Pnueli,2007
Amit Singhal,2011
Amr El Abbadi,2010
Anand Sivasubramaniam,2017
Anant Agarwal,2007
Anastasia Ailamaki,2015
Andre Seznec,2016
Andreas Moshovos,2017
Andreas Zeller,2010
Andrei Broder,2007
Andrew A. Chien,2004
Andrew Chi-Chih Yao,1995
Andrew Clifford Myers,2013
Andrew McCallum,2017
Andrew B. Kahng,2012
Andrew M. Pitts,2012
Andrew S. Tanenbaum,1996
Andrew V. Goldberg,2009
Andrew W. Appel,1998
Andries van Dam,1994
Angelos Dennis Keromytis,2017
Anil K. Jain,2003
Anita Borg,1996
Anita K. Jones,1996
Anna R. Karlin,2012
Anne Condon,2010
Anne-Marie Kermarrec,2016
Anthony C. Hearn,2006
Anthony Hunter,2016
Anthony I. Wasserman,1996
Anthony Oettinger,1995
Anthony Ralston,1994
Aravind K. Joshi,1998
Aravind Srinivasan,2014
Arie E. Kaufman,2009
Aristides A. G. Requicha,2007
Arnold Rosenberg,1996
Arvind Arvind,2006
Assaf Schuster,2015
Avrim Blum,2007
Axel Van Lamsweerde,2000
Azriel Rosenfeld,1994
Ramaswamy Chandrasekaran,1996
Babak Falsafi,2015
Baining Guo,2011
Balaji Prabhakar,2017
Bantwal R. Rau,2002
Barbara B. Simons,1994
Barbara G. Ryder,1998
Barbara J. Grosz,2003
Barbara Liskov,1996
Barry W. Boehm,1997
Bart Selman,2012
Barton P. Miller,2001
Bella Bose,2004
Ben Shneiderman,1997
Ben Wegbreit,1994
Beng Chin Ooi,2011
Benjamin C. Pierce,2012
Benjamin W. Wah,2004
Bernard A. Galler,1994
Bernard Chazelle,1996
Bernhard Scholz,2017
Bertram Herzog,1995
Bernd Meyer,2008
Bin Luo,2015
Bjarne Stroustrup,1994
Bob O. Evans,1994
Bonnie Berger,2003
Brad A. Myers,2005
Brent T. Hailpern,2003
Brian Randell,2008
Bruce Croft,1997
Bruce Davie,2009
Bruce Lindsay,1994
Bruce Randall Donald,2009
Bryan Preas,1996
Bryant W. York,2006
Bud Mishra,2007
Burton Smith,1994
Butler W. Lampson,1994
C. Dianne Martin,1999
C. Gordon Bell,1994
C. J. Van Rijsbergen,2003
C. Mohan,2002
C. Vemuri,2009
C.L. Liu,1994
Calvin C. Gotlieb,1994
Carl Ebeling,2011
Carl H. Hauser,1994
Carl Kesselman,2017
Carla E. Brodley,2016
Carla P. Gomes,2017
Carla S. Ellis,2010
Carlo Ghezzi,1999
Carlo H. Sequin,1998
Carlo Tomasi,2016
Carlos J P De Lucena,2013
Catriel Beeri,2007
Chak-Kuen Wong,1995
Chandrajit L. Bajaj,2009
Chandramohan A. Thekkath,2009
Charles E. Leiserson,2006
Carl H. Hauser,2008
Charles L. Bradshaw,1994
Charles M. Geschke,1999
Charles P. Thacker,1994
Charles W. Bachman,2014
Charles W. Gear,1994
Charu Chandra Aggarwal,2013
ChengXiang Zhai,2017
Cherri M. Pancake,2001
Chih-Jen Lin,2015
Chip Elliott,2013
Chris S. Wallace,1995
Christian S. Jensen,2011
Christine L. Borgman,2013
Christoforos E. Kozyrakis,2016
Christophe Dessimoz,2005
Christopher D. Manning,2013
Christos Faloutsos,2010
Christos H. Papadimitriou,2001
Chung Jen Tan,1999
Clarence A. Ellis,1998
Cliff B. Jones,1995
Clifford A. Lynch,2017
Clifford Stein,2012
Cordell Green,1994
Craig Boutilier,2012
Craig Knoblock,2017
Craig Partridge,2003
Cynthia Dwork,2015
Dahlia Malkhi,2011
Dan Boneh,2016
Daniel Gusfield,2017
Dan R. Olsen,2006
Dan Roth,2011
Dan Suciu,2011
Dana S. Nau,2013
Dana S. Scott,1994
Daniel A. Reed,2003
Daniel A. Spielman,2010
Daniel Bobrow,1994
Daniel D. McCracken,1994
Daniel P. Huttenlocher,2007
Daniel J. Rosenkrantz,1995
Daniel Jackson 0001,2016
Daniel A. Menascé,1997
Daniel S. Bricklin,1994
Daniel P. Siewiorek,1994
Daniel S. Weld,2005
Daniela Rus,2014
Danny Dolev,2007
David A. Abramson,2010
David A. Wood,2005
David B. Lomet,2002
David E. Culler,2002
David Clark,2001
David DeWitt,1995
David L. Dill,1999
David Eppstein,2011
David F. Bacon,2009
David A. Forsyth,2013
David Garlan,2013
David Lie,1994
David A. Basin,2002
David Held,1994
David Zuckerman,2013
David J. Farber,2001
David J. Kasik,2013
David J. Kuck,1994
David John Wheeler,1994
David K. Gifford,2011
David R. Karger,2009
David L. Waltz,1999
David Lorge Parnas,1994
David M. Blei,2015
David M. Nichols,2005
David M. Ungar,2010
David MacQueen,1999
David Lazer,1998
David P. Dobkin,1998
David P. Williamson,2013
David A. Padua,2007
David Patterson,1994
David Paul Grove,2012
David Peleg,2016
David R. Boggs,1994
David B. Johnson,1995
David S. Rosenblum,2010
David S. Warren,2000
David S. Wishart,2004
David Shmoys,2001
David Wetherall,2011
Dean M. Tullsen,2011
Deborah Estrin,2000
Demetri Terzopoulos,2007
Dennis Shasha,2013
Dennis J. Frailey,1996
Der-Tsai Lee,1997
Dexter Kozen,2003
Dharma P. Agrawal,1998
Dhiraj Pradhan,1999
Diane L. Souvaine,2011
Dianne P. O'Leary,2006
Dieter Rombach,2010
Dina Katabi,2013
Dines Bjorner,2005
Dinesh Manocha,2009
Piyush Srivastava,2011
Divyakant Agrawal,2011
Domenico Ferrari,2001
Donald A. Norman,2001
Donald Chamberlin,1994
Donald E. Knuth,1994
Donald E. Thomas,2007
Don Towsley,1997
Donald P. Greenberg,1995
Donald J. Haderle,2000
Donald Kossmann,2010
Donald R. Slutz,1994
Donald W. Loveland,2000
Donn B. Parker,2001
Dorin Comaniciu,2017
Dorothy E. Denning,1995
Douglas B. Terry,2008
Douglas C. Burger,2010
Douglas Comer,2000
Douglas K. Brotz,1994
Douglas S. Lea,2013
Dragomir R. Radev,2015
Ed Coffman,1994
Edgar F. Codd,1994
Edith Cohen,2017
Edmund M. Clarke,1998
Edouard Bugnion,2017
Edsger W. Dijkstra,1994
Edward A. Feigenbaum,2007
Edward A. Taft,1994
Edward A. Fox,2017
Edward W. Knightly,2017
Edward D. Lazowska,1995
Edward M. Reingold,1996
Edward McCluskey,1994
Edward W. Felten,2007
Edwin Catmull,1995
Elaine Weyuker,1997
Eli Upfal,2005
J. Eliot B. Moss,2007
Elisa Bertino,2003
Elizabeth D. Mynatt,2015
Ellen W. Zegura,2013
Emmerich Welzl,1998
Eric A. Brewer,2007
Eric A. Weiss,1994
Eric Allender,2006
Eric Grimson,2014
Eric Horvitz,2014
Eric Roberts,2007
Erich L. Kaltofen,2009
Erik D. Demaine,2016
Erol Gelenbe,2001
Erwin Engeler,1995
Eugene H. Spafford,1998
Eugene W. Myers,2003
Éva Tardos,1998
Faith Ellen,2014
Farnam Jahanian,2009
Fernando J. Corbato,1994
Fernando Pereira,2010
Foto Afrati,2014
Frances Allen,1994
Francine Berman,2000
Franco P. Preparata,1995
Frank Friedman,1994
Frank Kenneth Zadeck,2011
Frank Pfenning,2015
Frank Wm Tompa,2010
M. Frans Kaashoek,2004
Franz L. Alt,1994
Fred B. Schneider,1995
Fred H. Harris,1994
Fred W. Weingarten,1996
Frederick Brooks,1994
Frédo Durand,2016
Gabriel H. Loh,2017
Gaetano Borriello,2009
Gail C. Murphy,2017
Ganesan Ramalingam,2016
Garth A. Gibson,2012
Gary L. Miller,2002
Gary M. Olson,2007
Gene Tsudik,2014
Geoffrey C. Fox,2011
Geoffrey M. Voelker,2017
Georg Gottlob,2007
George Dodd,1996
George E. Collins,2004
George Furnas,2011
George G. Robertson,2001
George Varghese,2002
Gerald L. Engel,1994
Gerald J. Sussman,1994
Gerard J. Holzmann,2011
Gerard Salton,1995
Gerhard Fischer,2009
Gerhard Weikum,2005
Gernot Heiser,2014
Gio Wiederhold,1995
Giovanni De Micheli,2001
Giuseppe De Giacomo,2015
Gopal Krishna Gupta,1998
Gordon B. Davis,1997
Grady Booch,1995
J. Gregory Morrisett,2013
Gregor Kiczales,2012
Gregor von Bochmann,1996
Gregory D. Abowd,2008
Gregory D. Hager,2017
Gregory R. Andrews,1998
Yang Gao,2007
Gurindar S. Sohi,2003
Gustavo Alonso,2012
Guy E. Blelloch,2011
Guy L. Steele,1994
H. V. Jagadish,2003
H. W. Lawson,1997
Hagit Attiya,2009
Hal Berghel,1998
Hamid Pirahesh,2008
Hanan Samet,1996
Hans Boehm,2012
Hans-Joerg Schek,2001
Hans-Peter Seidel,2009
Hari Balakrishnan,2008
Harold J. Highland,1995
Harold N. Gabow,2002
Harold Stone,1994
Harry D. Huskey,1994
Harry Shum,2006
Harvey G. Cragon,1994
Hector Garcia-Molina,1997
Henning Schulzrinne,2014
Henry A. Kautz,2013
Henry F. Korth,2000
Henry Fuchs,1995
Henry M. Levy,1996
Herbert A. Simon,1994
Herbert Freeman,1997
Herbert Maisel,1994
Herbert R J Grosch,1995
Holly E. Rushmeier,2016
HongJiang Zhang,2007
Howard J. Karloff,2011
Howard Siegel,1998
Hsinchun Chen,2015
Hugues Hoppe,2011
Huajie Zhang,2005
Ian F. Akyildiz,1997
J. Ian Munro,2008
Ian T. Foster,2009
Ian H. Witten,1996
Imrich Chlamtac,1997
Inderjit S. Dhillon,2014
Ingemar J. Cox,2013
Insup Lee,2017
Ion Stoica,2012
Ira Pohl,2001
Irene Greif,1997
Irv Traiger,1994
Ivan Sutherland,1994
J. D. Couger,1997
J. N. Hume,1994
J. Nievergelt,1995
J. Presper Eckert,1994
J. Strother Moore,2006
J. Turner Whitted,1995
J.J. Garcia-Luna-Aceves,2008
Jack W. Davidson,2008
Jack Dennis,1994
Jack J. Dongarra,2001
Jack Minker,1994
Jacob Abraham,2001
James C. Hoe,1998
James D. Foley,1999
James Demmel,1999
James Goodman,2010
James Gosling,2013
James H. Anderson,2013
James H. Morris,2000
James A. Hendler,2016
James Jay Horning,1998
James F. Kurose,2001
James A. Landay,2016
James R. Larus,2006
James M. Adams,1994
Janak H. Patel,2001
Janis A. Bubenko,2004
Janos Pach,2011
Jason Cong,2008
Jason Flinn,2016
Jayadev Misra,1995
Jayant R. Haritsa,2015
Jean E. Sammet,1994
Jean-Loup E. Baer,1997
Jean-Pierre Hubaux,2010
Jeanne Ferrante,1996
Jeannette M. Wing,1998
Jeff Rulifson,1994
Jeffrey H. Lang,2009
Jeffrey C. Mogul,2001
Jeffrey D. Ullman,1995
Jeffrey F. Naughton,2002
Jeffrey Jaffe,1996
Jeff Kramer,2001
Jeffrey S. Foster,1996
Jennifer Chayes,2010
Jennifer Rexford,2008
Jennifer Widom,2005
Jian Pei,2015
Jiawei Han 0001,2003
Jignesh M. Patel,2014
Jim Gray,1994
Jin-Yi Cai,2001
Jitendra Malik,2008
Joan Feigenbaum,2001
Joel Emer,2004
Joel Moses,2008
Joel S. Birnbaum,2001
Johan DeKleer,2001
Johannes Gehrke,2014
John A. Lee,1994
John A. Stankovic,1996
John B. Goodenough,1995
John C. Klensin,2007
John C. Mitchell,2008
John C. Reynolds,2001
John A. Carroll,2003
John C. S. Lui,2009
John D. Gannon,1999
John E. Hopcroft,1994
John E. Laird,2006
John E. Savage,1996
John V. Guttag,2006
John H. Hine,1994
John H. Reif,1997
John Hershberger,2012
John L. Hennessy,1997
John Launchbury,2010
J. Mark Pullen,2001
Jay A. McCarthy,1994
John M. Mellor-Crummey,2013
John K. Ousterhout,1994
John P. Hayes,2001
John R. White,1995
John Rice,1996
John Sanguinetti,2011
John A. Richards,1998
John T. Riedl,2009
John Warnock,1999
John Wilkes,2002
Jon Crowcroft,2002
Jon M. Kleinberg,2013
Jonathan Grudin,2012
Jonathan Lee,2008
Jonathan Turner,2001
Jose A. Blakeley,2009
Jose L. Encarnacao,1996
Josep Torrellas,2010
Joseph A. Konstan,2008
Joseph Bryan Lyles,2016
Joseph F. Jaja,2001
Joseph Y. Halpern,2002
Joseph M. Hellerstein,2009
Joseph Mitchell,2011
Joseph O'Rourke,2012
Joseph S. DeBlasi,1999
Joseph Sifakis,2012
Joseph Traub,1994
Joshua Lederberg,1994
Joyce Currie Little,1994
Judea Pearl,2015
Judith S. Olson,2008
Julia Hirschberg,2015
Juliana Freire,2014
Juris Hartmanis,1994
Justine Cassell,2016
K. K. Ramakrishnan,2017
K. Rustan M. Leino,2016
Kai Li,1998
Kang G. Shin,2001
Karem A. Sakallah,2012
Karen Duncan,2000
Kathy McKeown,2003
Kathleen Fisher,2010
Kathryn S. McKinley,2008
Katherine A. Yelick,2012
Keith D. Cooper,2005
Keith Marzullo,2011
Keith W. Ross,2012
Kenneth P. Birman,1999
Kenneth C. Sevcik,1997
Kenneth Clarkson,2008
Kenneth E. Batcher,1994
Kenneth D. Forbus,2006
Kenneth Steiglitz,1997
Kenneth W. Kennedy,1995
Keshav Pingali,2012
Kevin Fall,2015
Kevin Skadron,2015
Klara Nahrstedt,2012
Koji Torii,1999
Krishan K. Sabnani,2001
Krishna V. Palem,2005
Krishnendu Chakrabarty,2013
Krithi Ramamritham,2001
Kurt B. Akeley,1996
Kurt Mehlhorn,1999
Kyu-Young Whang,2009
Kyuseok Shim,2013
L. A. Zadeh,1994
L. Peter Deutsch,1994
Lance Fortnow,2007
Lance Hoffman,1995
Larry Constantine,2007
Larry Druffel,1995
Larry L. Peterson,2000
Larry M. Masinter,1999
Larry S. Davis,2012
Larry Snyder,1995
Larry Stockmeyer,1996
Lars Arge,2012
Lars Birkedal,2017
Laura M. Haas,2006
Laurie J. Hendren,2009
Lawrence A. Rowe,1998
Lawrence Bernstein,1995
Lawrence C. Paulson,2008
Lawrence H. Landweber,1996
Laxmi N. Bhuyan,2000
Laxmikant V. Kalé,2017
C. Lee Giles,2006
Leon J. Osterweil,1998
Leonard Kleinrock,2000
Leonid Libkin,2012
Leonidas J. Guibas,1999
Leslie G. Valiant,2012
Leslie Lamport,2014
Li Erran Li,2017
Limsoon Wong,2013
Linda R. Petzold,2011
Lixia Zhang,2006
Lixin Gao,2012
Loren C. Carpenter,1995
Lorenzo Alvisi,2010
Lori Clarke,1998
Lorraine Borman,1994
Lorrie Faith Cranor,2014
Louiqa Raschid,2016
Luca Benini,2016
Luca Cardelli,2004
Lui Sha,2005
Luiz Andre Barroso,2010
Lydia E. Kavraki,2010
M. Stuart Lynn,1994
M. Tamer Özsu,2006
Madhav Marathe,2013
Madhu Sudan,2008
Mahadev Satyanarayanan,2002
Mani B. Srivastava,2017
Manish Gupta 0001,2012
Manuela Veloso,2016
Marc Auslander,1999
Marc Levoy,2007
Marc Snir,1999
Margaret M. Burnett,2017
Margaret Martonosi,2009
Margo I. Seltzer,2011
Maria Klawe,1996
Marianne Winslett,2006
Marilyn Claire Wolf,2001
Mark Horowitz,2003
Mark Crovella,2010
Mark Guzdial,2014
Mark D. Hill,2004
Mark S. Ackerman,2013
Mark S. Squillante,2008
Mark W. Newman,1996
Markus H. Gross,2012
Marshall C. Yovits,1996
Marta Z. Kwiatkowska,2016
Martha E. Pollack,2011
Martha Palmer,1994
Marti A. Hearst,2013
Martin Abadi,2008
Martin Grohe,2017
Martin Karsten,2016
Martin Odersky,2007
Martin C. Rinard,2009
Martin Vetterli,2009
Martin Wong,2017
Mary Harrold,2003
Mary Jane Irwin,1996
Mary K. Vernon,1996
Mary Lou Soffa,1999
Mary Shaw,1996
Mary P. Czerwinski,2015
Masaru Kitsuregawa,2012
Mateo Valero,2002
Matthias Felleisen,2006
Matthias Jarke,2013
Maurice Herlihy,2005
Maurice V. Wilkes,1994
Maurizio Lenzerini,2009
Meir Lehman,1994
Mendel Rosenblum,2008
Micha Sharir,1997
Michael A. Harrison,1996
Michael Bain,2010
Michael D. Ernst,2014
Michael D. Schroeder,2004
Michael E. Kress,1996
Michael E. Saks,2016
Michael F. Cohen,2007
Michael J. Fischer,1996
Michael Franz,2015
Michael George Luby,2015
Michael I. Jordan,2010
Michael A. Casey,2000
Michael J. Feeley,1994
Michael J. Franklin,2005
Michael Kaisers,2017
Michael Kearns,2014
Michael Mitzenmacher,2014
Mike Barley,1995
Michael K. Reiter,2008
Michael R. Lyu,2015
Michael L. Scott,2006
Michael Stonebraker,1994
Michael T. Goodrich,2009
Michael T. Hallett,2000
Michael H. Böhlen,1994
Michael P. Wellman,2005
Michael Wooldridge,2015
Michael Kearns,2008
Michel Dubois,2005
Mihalis Yannakakis,1998
Mihir Bellare,2013
Mikhail J. Atallah,2006
Mikkel Thorup,2005
Milind Tambe,2013
Ming C. Lin,2011
Ming Yin,2006
Ming-Syan Chen,2006
Mitchell Wand,2007
Monica S. Lam,2007
Monika Henzinger,2016
Monroe Newborn,1994
Shmuel Sagiv,2015
Mor Harchol-Balter,2017
Moshe Y. Vardi,2000
Mostafa H. Ammar,2003
Moti Yung,2013
Myron Ginsberg,1995
Naehyuck Chang,2015
Nancy Leveson,1995
Nancy A. Lynch,1997
Nancy M. Amato,2015
Narendra Ahuja,1996
Narsingh Deo,1996
Neil Immerman,2002
Neil Jones,1998
Nell B. Dale,2009
Nelson L. Max,2011
Nicholas Pippenger,1997
Nick Feamster,2016
Nick McKeown,2006
Nick Roussopoulos,2001
Nikil D. Dutt,2014
Niklaus E. Wirth,1994
Nir Shavit,2013
Niraj K. Jha,2003
Noga Alon,2016
Norihisa Suzuki,1995
Norman Jouppi,2006
Nuria Oliver,2017
Omer Reingold,2014
Onur Mutlu,2017
Ophir Frieder,2005
Orna Grumberg,2015
Oscar Ibarra,1995
Ouri Wolfson,2001
Kunle Olukotun,2006
Ozalp Babaoglu,2002
Pablo Rodriguez,2015
Padhraic Smyth,2013
Pamela Samuelson,1999
Pamela Zave,2001
Panganamala R. Kumar,2013
Pankaj K. Agarwal,2002
Paolo Mancarella,1997
Parthasarathy Ranganathan,2014
Pat Hanrahan,2008
Patricia G. Selinger,2009
Patrick Drew McDaniel,2015
Patrick Suppes,1994
Patrick Valduriez,2012
Paul Barford,2016
Paul Dourish,2015
Paul G. Lowney,2008
Paul Hudak,2003
Paul Mockapetris,2004
Paul R. McJones,1994
Paul Schneck,1997
Paul Syverson,2014
Paul C. van Oorschot,2016
Paul W. Abrahams,1995
Paul Young,1995
Paulo Veríssimo,2009
Pavel A. Pevzner,2010
Per O. Stenstrom,2008
Per-Ake Larson,2004
Perry Cook,2008
Peter A. Heeman,2000
Peter B. Key,2011
Peter Buneman,2000
Peter M. Chen,1998
Petros Elia,1994
Peter G. Neumann,1994
Peter J. Haas,2013
Peter Hart,2003
Peter J. Denning,1994
Peter Fejer,2004
Peter Magnusson,2011
Peter Norvig,2006
Peter Schröder,2015
Peter Wegner,1995
Peter Widmayer,1997
Philip A. Bernstein,2001
Philip Heidelberger,1996
Philip Levis,1999
Philip N. Klein,2010
Philip S. Yu,1997
Philip Wadler,2007
Phillip B. Gibbons,2006
Phokion G. Kolaitis,2005
Pierre Baldi,2012
Piotr Indyk,2015
Prabhakar Raghavan,2001
Prithviraj Banerjee,2000
Shiqiang Yang,2017
R. K. Shyamasundar,2009
R. L. Ashenhurst,1995
Rachid Guerraoui,2012
Radia Perlman,2016
Ganesh Ramakrishnan,2001
Raj Jain,1996
Raj Reddy,2012
Rajeev Alur,2007
Rajeev Motwani,2007
Rajeev Ramnarain Rastogi,2012
Rajesh Gupta,2016
Rajiv Gupta 0001,2009
Maneesh Agrawala,2003
Ralf Steinmetz,2001
Ramakrishnan Srikant,2014
Rama Chellappa,2013
Ratan K. Guha,2015
Ramesh Jain,2003
Ramesh Govindan,2011
Ramin Zabih,2012
Randal E. Bryant,2000
Randy H. Katz,1996
Randy Pausch,2007
Ravi Kannan,2016
Ravi Ramamoorthi,2017
Ravi Sethi,1996
Ravi S. Sandhu,2001
Ravishankar K. Iyer,2001
Ray Kurzweil,1994
Raymond A. Lorie,2000
Raymond Miller,1997
Raymond J. Mooney,2010
Raymond Spiteri,1997
Reinhard Wilhelm,2000
Renée J. Miller,2009
Ricardo A. Baeza-Yates,2009
Ricardo Bianchini,2016
Richard A. Kemmerer,1997
Richard B. Kieburtz,2001
Richard D. Schlichting,2001
Richard A. DeMillo,2003
Richard E. Ladner,1996
Richard M. Stern,1994
Richard J. Lipton,1997
Richard G. Canning,1994
Richard Gabriel,1998
Richard H. Austing,1994
Richard Hull,2007
Richard J. Cole,1998
Richard E. Newman,1999
Richard M. Karp,1994
Richard M. Fujimoto,2017
Richard N. Taylor,1998
Richard P. Brent,1995
Richard S. Sutton,1994
Richard R. Muntz,1996
Richard Schantz,2004
Richard Wolski,2008
Richard T. Snodgrass,1999
Richard W. Hamming,1994
Rick Cattell,2012
Rina Dechter,2013
Rob A. Rutenbar,2008
Rob Cook,1999
Robbert Van Renesse,2009
Robert Kowalski,2001
Robert Rinker,2001
Bobby Schnabel,2010
Robert E. Mahony,2001
Robert E. Tarjan,1994
Robert Harle,2005
Robert J. K. Jacob,2016
Robert E. Kraut,2011
Robert L. Constable,1995
Robert L. Glass,1999
Robert L. Grossman,2016
Robert M. Frankston,1994
Ronald L. Graham,1996
Roberta Gori,2014
Robert Cartwright,1998
Robert Schreiber,2012
Robert Sedgewick,1997
Robert T. Braden,1999
Robert W. Floyd,1994
Robert W. Taylor,1994
Robert Wilensky,1997
Roberto Tamassia,2012
R. Ryan Williams,2000
Roch Guérin,2006
Rodney A. Brooks,2005
Rodney Downey,2007
Roger M. Needham,1994
Roger R. Bate,1997
Ron Cytron,2010
Ron Perrott,1997
Ron Shamir,2012
Ronald Fagin,2000
Ronald J. Brachman,1999
Ronald L. Graham,1999
Ronald L. Rivest,1994
Ronald Baecker,2011
Ronald M. Kaplan,1994
Ronitt Rubinfeld,2014
Roy F. Rada,1995
Roy Levin,2008
Roy Want,2005
Ruby B. Lee,2001
Ruzena Bajcsy,1996
S. E. Robertson,2013
S. Lakshmivarahan,1995
S. Muthukrishnan,2010
S. Sudarshan 0001,2014
Sachin S. Sapatnekar,2016
Sally J. Floyd,2001
Sambasiva Kosaraju,1995
Sampath Kannan,2013
Samson Abramsky,2014
Sanjeev Arora,2008
Santosh Vempala,2015
Sara B. Kiesler,2010
Sarit Kraus,2014
Sarita V. Adve,2010
Sartaj Sahni,1996
Satish Rao,2013
Satoshi Matsuoka,2011
Saul Greenberg,2012
Scott Shenker,2003
Scott Kirkpatrick,2011
Serge Abiteboul,2011
Seymour J. Wolfson,1994
Shafi Goldwasser,2017
Shahid H. Bokhari,2000
Shamkant B. Navathe,2014
Shang-Hua Teng,2009
Sharad Malik,2014
Sharon Oviatt,2016
Shih-Fu Chang,2017
Shmuel Winograd,1994
Shubu Mukherjee,2011
Shumin Zhai,2010
Shwetak N. Patel,2016
Sidney Karin,2002
Silvio Micali,2017
Simon L. Jones,2004
Simon S. Lam,1998
Simson L. Garfinkel,2012
Sitharama Iyengar,2001
Somesh Jha,2016
Srinivas Devadas,2014
Srinivasan Keshav,2012
Sriram Rajamani,2015
Stamatis Vassiliadis,2004
Stanley B. Zdonik,2006
Stefan Savage,2010
Stefano Ceri,2013
Stephen A. Clark,2008
Stephen M. Blackburn,2016
Stephen Bourne,2005
Stephen Dunwell,1994
Stephen Keckler,2011
Stephen S. Lavenberg,1994
Stephen T. Kent,1998
Stephen Trimberger,2010
Steven M. Seitz,2017
Steve Whittaker,2014
Steven Michael Hand,2017
Stephen Scott,2012
Stuart Feldman,1995
Stuart K. Card,2000
Stuart J. Russell,2003
Stuart M. Shieber,2014
Stuart Wecker,1994
Stuart Zweben,1998
Subhash Suri,2010
Subhasish Mitra,2014
Sudipta Sengupta,2016
Sungwon Kang,2001
Swarat Chaudhuri,2005
Susan B. Davidson,2001
Susan Dray,2017
Susan Eggers,2002
Susan H. Nycum,1998
Susan L. Graham,1994
Susan Landau,2011
Susan S. Owicki,1994
Susan T. Dumais,2006
Laks V. S. Lakshmanan,2005
TRN Rao,1996
Takao Nishizeki,1996
Takeo Kanade,1999
Tal Rabin,2017
Tandy J. Warnow,2015
Tao Xiang,2007
Tei-Wei Kuo,2015
Terry Winograd,2009
Tetsuo Asano,2001
Thomas A. D'Auria,1994
Thomas A. Henzinger,2006
Thomas E. Anderson,2005
Thomas B. Steel,1994
Thomas D. Erickson,2009
Thomas A. DeFanti,2009
Thomas E. Kurtz,1994
Thomas G. Dietterich,2002
Thomas J. Ball,2011
Thomas Tran,2003
Thomas W. Reps,2005
Thorsten Joachims,2014
Timoleon Sellis,2013
Timothy A. Davis,2014
Timothy Roscoe,2013
Todd C. Mowry,2016
Tom Hull,1994
Tom Rodden,2014
Tomás Lozano-Pérez,2017
Toshihide Ibaraki,1999
Tova Milo,2012
Tracy Camp,2012
Trevor N. Mudge,2016
Tze-Yun Leong,1994
Tuomas Sandholm,2008
Ueli Maurer,2015
Umesh V. Vazirani,2005
Umeshwar Dayal,2008
Uri C. Weiser,2005
Urs Hoelzle,2009
Usama M. Fayyad,2006
Utpal Banerjee,2007
Uzi Vishkin,1996
Val Tannen,2013
Valerie E. Taylor,2016
Valerie King,2014
Vaughan Ronald Pratt,1997
Venkat P. Rangan,1998
Venkata Padmanabhan,2016
Venkatesan Guruswami,2017
Venu Govindaraju,2009
Vern Paxson,2006
Vicki L. Hanson,2004
Victor Bahl,2003
Victor Basili,1997
Victor Miller,2015
Victor Vianu,2006
Vijay P. Bhatkar,2009
Vijay V. Vazirani,2005
Narayanan Vijaykrishnan,2014
Vikram S. Adve,2014
Viktor K. Prasanna,2007
Vinton Cerf,1994
Vipin Kumar,2005
Vishwani D. Agrawal,2002
Vivek Sarkar,2008
W. Kent Fuchs,2000
Walter Carlson,1994
Walter F. Tichy,2012
Walter Willinger,2005
Wang Chiew Tan,2015
Watts S. Humphrey,2008
Jean Gao,2013
Wen-mei W. Hwu,2002
Wendy A. Kellogg,2002
Wendy Hall,2010
Wenfei Fan,2012
Wenke Lee,2017
William A. Hoff,1994
William A.S. Buxton,2008
William F. Punch,1994
William Gropp,2006
William J. Dally,2002
William Daniel Hillis,1994
William F. Atchison,1994
William T. Freeman,2016
William Kahan,1994
William Richards Adrion,1996
William H. Sanders,2003
William Steiger,1994
Willis H. Ware,1994
Willy Zwaenepoel,2000
Witold Litwin,2001
John Kim,1995
Xavier Leroy,2015
Xiaoming Zhang,2012
Xiaotie Deng,2008
Furong Huang,2016
Yale Patt,2001
Yannis E. Ioannidis,2004
Yi Ma,2017
Yi-Bing Lin,2003
Yishay Mansour,2014
Yoav Shoham,2012
Yoelle Maarek,2013
Yolanda Gil,2016
Yong Yu,2017
Yorick Wilks,2009
Yossi Matias,2009
Yuanyuan Zhou,2013
Yunhao Liu,2015
Yuri Breitbart,2001
Yuri Gurevich,1997
Yvonne Rogers,2017
Zehra Ozsoyoglu,2011
Shengyu Zhang,2013
Zhi-Hua Zhou,2016
Zohar Manna,1994
Zvi Galil,1995
Zvi M. Kedem,1997
