name,affiliation,homepage,scholarid
Hector J. Levesque,University of Toronto,https://www.cs.toronto.edu/~hector/,NOSCHOLARPAGE
Ronald Baecker,University of Toronto,http://ron.taglab.ca/,-X6Rj5EAAAAJ
John Mylopoulos,University of Toronto,http://www.cs.toronto.edu/~jm/,mQ6mh20AAAAJ
Radford M. Neal,University of Toronto,http://www.cs.toronto.edu/~radford/,rr8pZoUAAAAJ
Derek G. Corneil,University of Toronto,http://www.cs.toronto.edu/theory/Corneil-bio.htm/,XiTfJCsAAAAJ
W. Bruce Croft,University of Massachusetts Amherst,http://ciir.cs.umass.edu/croft/,ArV74ZMAAAAJ
