name,abbrv,color,coauthored
Susan Foster,S. Foster,#d3d3d3,0
Ann Nicholson,A. Nicholson,#d3d3d3,1
Gholamreza Haffari,G. Haffari,#32CD32,1
Kevin Korb,K. Korb,#d3d3d3,1
Geoffrey Webb,G. Webb,#32CD32,1
David Albrecht,D. Albrecht,#d3d3d3,0
Tom Chandler,T. Chandler,#d3d3d3,1
Cagatay Goncu,C. Goncu,#ffc0cb,1
Kim Marriott,K. Marriott,#ffc0cb,1
Tim Dwyer,T. Dwyer,#ffc0cb,1
Falk Schreiber,F. Schreiber,#ffc0cb,1
Rob Meredith,R. Meredith,#d3d3d3,1
Peter O'Donnell,P. O'Donnell,#d3d3d3,0
Michael Wybrow,M. Wybrow,#ffc0cb,1
Frada Burstein,F. Burstein,#d3d3d3,1
Julie Fisher,J. Fisher,#d3d3d3,1
Pari Haghighi,P. Haghighi,#d3d3d3,1
Henry Linger,H. Linger,#d3d3d3,1
Campbell Wilson,C. Wilson,#d3d3d3,1
Jue Xie,J. Xie,#d3d3d3,1
Sue McKemmish,S. McKemmish,#d3d3d3,1
Larry Stillman,L. Stillman,#d3d3d3,1
Tom Denison,T. Denison,#d3d3d3,1
David Green,D. Green,#d3d3d3,1
Alan Dorin,A. Dorin,#d3d3d3,1
David Dowe,D. Dowe,#d3d3d3,1
Yuan-Fang Li,Y. Li,#32CD32,1
Vincent Lee,V. Lee,#32CD32,1
Yen Cheung,Y. Cheung,#d3d3d3,1
David Taniar,D. Taniar,#00bfff,1
David Arnott,D. Arnott,#d3d3d3,1
Joanne Evans,J. Evans,#d3d3d3,1
Mark Carman,M. Carman,#32CD32,1
Sid Ray,S. Ray,#d3d3d3,1
Michael Brand,M. Brand,#d3d3d3,1
Judithe Sheard,J. Sheard,#d3d3d3,1
Michael Morgan,M. Morgan,#d3d3d3,1
Graham Farr,G. Farr,#d3d3d3,1
Sue Foster,S. Foster,#d3d3d3,0
John Betts,J. Betts,#d3d3d3,1
Chung-Hsing Yeh,C. Yeh,#d3d3d3,1
Susan Bedingfield,S. Bedingfield,#d3d3d3,1
Joseph Liu,J. Liu,#d3d3d3,1
Ron Steinfeld,R. Steinfeld,#ffff00,1
Phu Le,P. Le,#d3d3d3,1
Balasubramaniam Srinivasan,B. Srinivasan,#d3d3d3,1
Robert Merkel,R. Merkel,#d3d3d3,0
Nandita Bhattacharjee,N. Bhattacharjee,#d3d3d3,1
Andrew Paplinski,A. Paplinski,#d3d3d3,1
Ingrid Zukerman,I. Zukerman,#32CD32,1
Mahbubur Rahim,M. Rahim,#d3d3d3,0
Peter O'Donnell,P. O'Donnell,#d3d3d3,0
Shijia Gao,S. Gao,#d3d3d3,1
Kirsten Ellis,K. Ellis,#d3d3d3,1
Jan Barca,J. Barca,#ffc0cb,1
Wray Buntine,W. Buntine,#32CD32,0
Maria Indrawan,M. Indrawan,#d3d3d3,1
Peter Tischer,P. Tischer,#d3d3d3,1
Arun Konagurthu,A. Konagurthu,#ffc0cb,1
Maria de la Banda,M. de la Banda,#32CD32,1
Aldeida Aleti,A. Aleti,#d3d3d3,0
Mark Wallace,M. Wallace,#ffc0cb,1
Christopher Mears,C. Mears,#32CD32,1
Kerri Morgan,K. Morgan,#d3d3d3,1
Guido Tack,G. Tack,#32CD32,1
David Albrecht,D. Albrecht,#ffc0cb,0
John Betts,J. Betts,#d3d3d3,1
Grace Rumantir,G. Rumantir,#d3d3d3,0
Asad Khan,A. Khan,#d3d3d3,1
Carlo Kopp,C. Kopp,#d3d3d3,1
Robert Merkel,R. Merkel,#d3d3d3,0
Mahbubur Rahim,M. Rahim,#d3d3d3,0
Sea Ling,S. Ling,#d3d3d3,1
Carsten Rudolph,C. Rudolph,#d3d3d3,0
Ariel Liebman,A. Liebman,#ffc0cb,1
Bernd Meyer,B. Meyer,#d3d3d3,1
Jon McCormack,J. McCormack,#32CD32,1
Chris Mears,C. Mears,#d3d3d3,0
David Squire,D. Squire,#d3d3d3,0
