name,color
Daniel Angus,#ffc0cb
Janet Wiles,#ffc0cb
Marcus Gallagher,#d3d3d3
Hanna Kurniawati,#ffc0cb
Amin M. Abbosh,#d3d3d3
Stuart Crozier,#d3d3d3
Peter R. Sutton,#d3d3d3
Feng Liu,#32CD32
Stephen James Wilson,#d3d3d3
Peter O'Shea,#d3d3d3
Tapan Kumar Saha,#d3d3d3
Nadarajah Mithulananthan,#d3d3d3
Graeme Smith,#d3d3d3
Larissa Meinicke,#ffff00
Stephen Viller,#ffc0cb
Ben Matthews,#d3d3d3
Andrew Dekker,#d3d3d3
Jane Hunter,#d3d3d3
Michael Brünig,#ffc0cb
Saeid Mehrkanoon,#d3d3d3
Xiaofang Zhou,#00bfff
Heng Tao Shen,#00bfff
Shazia Wasim Sadiq,#00bfff
Mohamed A. Sharaf,#00bfff
Zi Huang,#00bfff
Xue Li,#00bfff
Ian J. Hayes,#d3d3d3
Mohamed Sharaf,#d3d3d3
Udantha R. Abeyratne,#d3d3d3
Neil W. Bergmann,#d3d3d3
Marius Portmann,#d3d3d3
Paul Pounds,#d3d3d3
Olav Krause,#d3d3d3
Marcus R. Gallagher,#d3d3d3
Surya P. N. Singh,#ffc0cb
Paul E. I. Pounds,#ffc0cb
Jadwiga Indulska,#d3d3d3
Peter Sutton,#d3d3d3
Rahul Sharma 0003,#d3d3d3
Aleksandar D. Rakic,#d3d3d3
Alexander Pudmenzky,#d3d3d3
Richard N. Thomas,#d3d3d3
