name,color
Stephen Scott,#d3d3d3
Leen-Kiat Soh,#32CD32
Ashok Samal,#d3d3d3
Lisong Xu,#00bfff
Byrav Ramamurthy,#00bfff
Jitender S. Deogun,#d3d3d3
Ying Lu,#ffc0cb
Sebastian G. Elbaum,#00bfff
Matthew B. Dwyer,#00bfff
Steve Goddard,#00bfff
Mehmet C. Vuran,#00bfff
Myra B. Cohen,#00bfff
Witawas Srisa-an,#00bfff
Gregg Rothermel,#00bfff
Massimiliano Pierobon,#d3d3d3
Mehmet Can Vuran,#00bfff
Berthe Y. Choueiry,#32CD32
Juan Cui,#ffc0cb
Stephen E. Reichenbach,#d3d3d3
Peter Z. Revesz,#d3d3d3
Carrick Detweiler,#ffc0cb
